{"media/panorama_434A5970_4D39_340D_41AB_0994DDE984F4_0/u/0/1_3.webp":{"tags":["mobile","desktop"],"size":1030},"lib/cursors/grab.cur":{"size":326},"scorm.js":{"size":1949},"media/panorama_407FE2E8_4D39_741D_41B2_FCDF6042BAD4_0/u/0/2_3.webp":{"tags":["mobile","desktop"],"size":2270},"lib/tdvgsworker1.js":{"size":1022761},"media/panorama_407F8EE4_4D39_4C15_41CF_296F297B32E6_0/r/0/0_0.webp":{"tags":["mobile","desktop"],"size":1674},"media/panorama_434A5970_4D39_340D_41AB_0994DDE984F4_0/b/0/0_2.webp":{"tags":["mobile","desktop"],"size":1286},"media/panorama_407F8EE4_4D39_4C15_41CF_296F297B32E6_0/r/0/0_1.webp":{"tags":["mobile","desktop"],"size":6860},"lib/WebVRPolyfill.js":{"size":101445},"media/panorama_434A5970_4D39_340D_41AB_0994DDE984F4_0/b/0/2_2.webp":{"tags":["mobile","desktop"],"size":1244},"media/panorama_407F8EE4_4D39_4C15_41CF_296F297B32E6_0/l/0/0_1.webp":{"tags":["mobile","desktop"],"size":2788},"media/panorama_407F8EE4_4D39_4C15_41CF_296F297B32E6_0/l/0/3_3.webp":{"tags":["mobile","desktop"],"size":10528},"media/panorama_434A5970_4D39_340D_41AB_0994DDE984F4_hd_t.jpg":{"size":58952},"media/panorama_407F8EE4_4D39_4C15_41CF_296F297B32E6_0/l/1/0_0.webp":{"tags":["mobile","desktop"],"size":10674},"media/panorama_407FE2E8_4D39_741D_41B2_FCDF6042BAD4_0/l/0/0_1.webp":{"tags":["mobile","desktop"],"size":2662},"media/panorama_406B0668_4D39_5C1D_41BB_704D9F23A200_0/r/0/2_3.webp":{"tags":["mobile","desktop"],"size":2910},"media/panorama_406B0668_4D39_5C1D_41BB_704D9F23A200_0/b/0/1_0.webp":{"tags":["mobile","desktop"],"size":3092},"media/panorama_407FE2E8_4D39_741D_41B2_FCDF6042BAD4_0/f/0/0_0.webp":{"tags":["mobile","desktop"],"size":2364},"media/panorama_434A5970_4D39_340D_41AB_0994DDE984F4_0/l/0/1_2.webp":{"tags":["mobile","desktop"],"size":1078},"media/panorama_406B0668_4D39_5C1D_41BB_704D9F23A200_0/d/0/3_0.webp":{"tags":["mobile","desktop"],"size":5872},"media/panorama_434A5970_4D39_340D_41AB_0994DDE984F4_0/u/0/3_0.webp":{"tags":["mobile","desktop"],"size":1188},"lib/cursors/SW.cur":{"size":3542},"media/panorama_407F8EE4_4D39_4C15_41CF_296F297B32E6_0/u/1/0_0.webp":{"tags":["mobile","desktop"],"size":5588},"media/panorama_434A5970_4D39_340D_41AB_0994DDE984F4_0/f/0/3_1.webp":{"tags":["mobile","desktop"],"size":3668},"media/panorama_406B0668_4D39_5C1D_41BB_704D9F23A200_0/r/0/2_2.webp":{"tags":["mobile","desktop"],"size":5986},"media/panorama_407F8EE4_4D39_4C15_41CF_296F297B32E6_0/l/2/0_0.webp":{"size":23956},"media/panorama_407F8EE4_4D39_4C15_41CF_296F297B32E6_0/d/2/0_0.webp":{"size":22992},"media/panorama_406B0668_4D39_5C1D_41BB_704D9F23A200_0/b/2/0_0.webp":{"size":9042},"lib/webxr-input-profiles/htc-vive-focus-3/profile.json":{"size":9479},"media/panorama_407F8EE4_4D39_4C15_41CF_296F297B32E6_0/d/1/1_1.webp":{"tags":["mobile","desktop"],"size":11420},"lib/webxr-input-profiles/meta-quest-touch-plus/left.glb":{"size":217984},"media/panorama_434A5970_4D39_340D_41AB_0994DDE984F4_0/b/0/1_0.webp":{"tags":["mobile","desktop"],"size":1108},"media/panorama_407F8EE4_4D39_4C15_41CF_296F297B32E6_0/r/0/1_1.webp":{"tags":["mobile","desktop"],"size":10920},"media/panorama_407F8EE4_4D39_4C15_41CF_296F297B32E6_0/l/0/0_0.webp":{"tags":["mobile","desktop"],"size":2290},"media/panorama_407FE2E8_4D39_741D_41B2_FCDF6042BAD4_0/r/0/1_0.webp":{"tags":["mobile","desktop"],"size":2346},"media/panorama_407F8EE4_4D39_4C15_41CF_296F297B32E6_0/r/1/1_0.webp":{"tags":["mobile","desktop"],"size":19202},"media/panorama_407FE2E8_4D39_741D_41B2_FCDF6042BAD4_0/l/0/2_0.webp":{"tags":["mobile","desktop"],"size":2030},"media/panorama_407F8EE4_4D39_4C15_41CF_296F297B32E6_0/u/0/3_2.webp":{"tags":["mobile","desktop"],"size":1726},"media/panorama_406B0668_4D39_5C1D_41BB_704D9F23A200_0/f/0/1_0.webp":{"tags":["mobile","desktop"],"size":1138},"media/panorama_407FE2E8_4D39_741D_41B2_FCDF6042BAD4_0/l/0/2_3.webp":{"tags":["mobile","desktop"],"size":2262},"media/panorama_406B0668_4D39_5C1D_41BB_704D9F23A200_0/b/0/1_1.webp":{"tags":["mobile","desktop"],"size":2944},"media/panorama_434A5970_4D39_340D_41AB_0994DDE984F4_0/r/1/0_0.webp":{"tags":["mobile","desktop"],"size":5418},"media/panorama_406B0668_4D39_5C1D_41BB_704D9F23A200_0/b/1/0_0.webp":{"tags":["mobile","desktop"],"size":5052},"media/panorama_406B0668_4D39_5C1D_41BB_704D9F23A200_0/l/0/1_0.webp":{"tags":["mobile","desktop"],"size":3772},"media/panorama_407F8EE4_4D39_4C15_41CF_296F297B32E6_0/f/1/1_1.webp":{"tags":["mobile","desktop"],"size":24310},"media/panorama_407F8EE4_4D39_4C15_41CF_296F297B32E6_0/b/0/0_1.webp":{"tags":["mobile","desktop"],"size":3122},"media/panorama_434A5970_4D39_340D_41AB_0994DDE984F4_0/b/1/1_0.webp":{"tags":["mobile","desktop"],"size":1948},"media/panorama_406B0668_4D39_5C1D_41BB_704D9F23A200_0/d/0/1_0.webp":{"tags":["mobile","desktop"],"size":1198},"media/panorama_434A5970_4D39_340D_41AB_0994DDE984F4_0/d/0/2_3.webp":{"tags":["mobile","desktop"],"size":2824},"media/panorama_407F8EE4_4D39_4C15_41CF_296F297B32E6_0/u/0/1_2.webp":{"tags":["mobile","desktop"],"size":2834},"media/panorama_407F8EE4_4D39_4C15_41CF_296F297B32E6_0/f/1/0_1.webp":{"tags":["mobile","desktop"],"size":6470},"media/panorama_406B0668_4D39_5C1D_41BB_704D9F23A200_0/r/0/0_1.webp":{"tags":["mobile","desktop"],"size":1698},"media/panorama_406B0668_4D39_5C1D_41BB_704D9F23A200_0/r/1/1_0.webp":{"tags":["mobile","desktop"],"size":2858},"lib/cursors/FN.cur":{"size":4526},"media/panorama_407F8EE4_4D39_4C15_41CF_296F297B32E6_0/d/1/1_0.webp":{"tags":["mobile","desktop"],"size":11350},"media/panorama_407FE2E8_4D39_741D_41B2_FCDF6042BAD4_0/f/1/1_0.webp":{"tags":["mobile","desktop"],"size":4308},"media/panorama_407FE2E8_4D39_741D_41B2_FCDF6042BAD4_0/d/0/0_1.webp":{"tags":["mobile","desktop"],"size":2958},"media/panorama_406B0668_4D39_5C1D_41BB_704D9F23A200_0/r/1/0_0.webp":{"tags":["mobile","desktop"],"size":3628},"media/panorama_407FE2E8_4D39_741D_41B2_FCDF6042BAD4_0/d/1/0_1.webp":{"tags":["mobile","desktop"],"size":5480},"media/panorama_406B0668_4D39_5C1D_41BB_704D9F23A200_0/u/0/0_3.webp":{"tags":["mobile","desktop"],"size":2338},"lib/basis/basis_transcoder.wasm":{"size":499935},"media/panorama_406B0668_4D39_5C1D_41BB_704D9F23A200_0/f/1/1_0.webp":{"tags":["mobile","desktop"],"size":1426},"media/panorama_434A5970_4D39_340D_41AB_0994DDE984F4_0/d/1/1_1.webp":{"tags":["mobile","desktop"],"size":3584},"lib/webxr-input-profiles/generic-button/left.glb":{"size":1206176},"media/panorama_407FE2E8_4D39_741D_41B2_FCDF6042BAD4_0/u/1/1_1.webp":{"tags":["mobile","desktop"],"size":5094},"media/panorama_406B0668_4D39_5C1D_41BB_704D9F23A200_0/r/0/1_0.webp":{"tags":["mobile","desktop"],"size":4720},"media/panorama_407FE2E8_4D39_741D_41B2_FCDF6042BAD4_0/l/0/3_2.webp":{"tags":["mobile","desktop"],"size":2328},"media/panorama_406B0668_4D39_5C1D_41BB_704D9F23A200_0/l/1/0_1.webp":{"tags":["mobile","desktop"],"size":1244},"lib/webxr-input-profiles/pico-4/left.glb":{"size":769684},"media/panorama_434A5970_4D39_340D_41AB_0994DDE984F4_0/f/1/0_1.webp":{"tags":["mobile","desktop"],"size":11646},"media/panorama_407FE2E8_4D39_741D_41B2_FCDF6042BAD4_0/b/0/2_3.webp":{"tags":["mobile","desktop"],"size":2230},"media/panorama_407F8EE4_4D39_4C15_41CF_296F297B32E6_0/r/0/2_3.webp":{"tags":["mobile","desktop"],"size":3744},"media/panorama_406B0668_4D39_5C1D_41BB_704D9F23A200_0/d/1/1_1.webp":{"tags":["mobile","desktop"],"size":4860},"media/panorama_434A5970_4D39_340D_41AB_0994DDE984F4_0/f/0/3_3.webp":{"tags":["mobile","desktop"],"size":10106},"media/panorama_407F8EE4_4D39_4C15_41CF_296F297B32E6_0/u/0/2_0.webp":{"tags":["mobile","desktop"],"size":5672},"media/panorama_406B0668_4D39_5C1D_41BB_704D9F23A200_0/b/0/1_2.webp":{"tags":["mobile","desktop"],"size":5758},"media/panorama_407F8EE4_4D39_4C15_41CF_296F297B32E6_0/r/0/3_3.webp":{"tags":["mobile","desktop"],"size":5286},"media/panorama_407F8EE4_4D39_4C15_41CF_296F297B32E6_0/f/1/0_0.webp":{"tags":["mobile","desktop"],"size":10344},"media/panorama_407FE2E8_4D39_741D_41B2_FCDF6042BAD4_0/l/0/3_1.webp":{"tags":["mobile","desktop"],"size":1514},"media/panorama_407F8EE4_4D39_4C15_41CF_296F297B32E6_0/b/0/3_0.webp":{"tags":["mobile","desktop"],"size":6800},"media/panorama_434A5970_4D39_340D_41AB_0994DDE984F4_0/l/0/2_1.webp":{"tags":["mobile","desktop"],"size":1408},"media/panorama_407F8EE4_4D39_4C15_41CF_296F297B32E6_0/f/0/2_3.webp":{"tags":["mobile","desktop"],"size":15692},"media/panorama_406B0668_4D39_5C1D_41BB_704D9F23A200_0/l/0/0_3.webp":{"tags":["mobile","desktop"],"size":1214},"media/panorama_407F8EE4_4D39_4C15_41CF_296F297B32E6_0/l/0/0_3.webp":{"tags":["mobile","desktop"],"size":7482},"media/panorama_407F8EE4_4D39_4C15_41CF_296F297B32E6_0/f/2/0_0.webp":{"size":22982},"media/panorama_434A5970_4D39_340D_41AB_0994DDE984F4_0/u/0/3_1.webp":{"tags":["mobile","desktop"],"size":1136},"media/panorama_434A5970_4D39_340D_41AB_0994DDE984F4_0/l/0/0_3.webp":{"tags":["mobile","desktop"],"size":1570},"media/panorama_434A5970_4D39_340D_41AB_0994DDE984F4_0/d/0/3_2.webp":{"tags":["mobile","desktop"],"size":2508},"media/panorama_407F8EE4_4D39_4C15_41CF_296F297B32E6_0/r/2/0_0.webp":{"size":24350},"media/panorama_407F8EE4_4D39_4C15_41CF_296F297B32E6_0/d/0/2_0.webp":{"tags":["mobile","desktop"],"size":6558},"media/panorama_406B0668_4D39_5C1D_41BB_704D9F23A200_hd_t.jpg":{"size":53354},"media/panorama_434A5970_4D39_340D_41AB_0994DDE984F4_0/d/0/2_0.webp":{"tags":["mobile","desktop"],"size":1966},"media/panorama_406B0668_4D39_5C1D_41BB_704D9F23A200_0/u/1/1_1.webp":{"tags":["mobile","desktop"],"size":2968},"media/panorama_407FE2E8_4D39_741D_41B2_FCDF6042BAD4_0/r/0/3_2.webp":{"tags":["mobile","desktop"],"size":2488},"media/panorama_434A5970_4D39_340D_41AB_0994DDE984F4_0/d/0/1_1.webp":{"tags":["mobile","desktop"],"size":3926},"media/panorama_406B0668_4D39_5C1D_41BB_704D9F23A200_0/f/0/3_3.webp":{"tags":["mobile","desktop"],"size":1968},"media/panorama_407F8EE4_4D39_4C15_41CF_296F297B32E6_0/r/0/2_0.webp":{"tags":["mobile","desktop"],"size":12618},"media/panorama_406B0668_4D39_5C1D_41BB_704D9F23A200_0/r/2/0_0.webp":{"size":7788},"media/panorama_407F8EE4_4D39_4C15_41CF_296F297B32E6_0/r/0/3_2.webp":{"tags":["mobile","desktop"],"size":7656},"media/panorama_407F8EE4_4D39_4C15_41CF_296F297B32E6_0/d/0/3_2.webp":{"tags":["mobile","desktop"],"size":6342},"media/panorama_407FE2E8_4D39_741D_41B2_FCDF6042BAD4_0/d/0/0_2.webp":{"tags":["mobile","desktop"],"size":2902},"misc/icon64.png":{"size":3064},"media/panorama_406B0668_4D39_5C1D_41BB_704D9F23A200_0/r/0/1_2.webp":{"tags":["mobile","desktop"],"size":6378},"media/panorama_406B0668_4D39_5C1D_41BB_704D9F23A200_0/u/0/0_2.webp":{"tags":["mobile","desktop"],"size":1902},"media/panorama_406B0668_4D39_5C1D_41BB_704D9F23A200_0/d/0/1_1.webp":{"tags":["mobile","desktop"],"size":3218},"lib/cursors/FW.cur":{"size":4526},"lib/cursors/E.cur":{"size":3542},"media/panorama_406B0668_4D39_5C1D_41BB_704D9F23A200_0/u/0/2_3.webp":{"tags":["mobile","desktop"],"size":2444},"media/panorama_407F8EE4_4D39_4C15_41CF_296F297B32E6_0/l/0/2_0.webp":{"tags":["mobile","desktop"],"size":5666},"media/panorama_407F8EE4_4D39_4C15_41CF_296F297B32E6_0/l/0/0_2.webp":{"tags":["mobile","desktop"],"size":3300},"media/panorama_407FE2E8_4D39_741D_41B2_FCDF6042BAD4_0/r/0/0_1.webp":{"tags":["mobile","desktop"],"size":2456},"media/panorama_406B0668_4D39_5C1D_41BB_704D9F23A200_0/r/0/3_2.webp":{"tags":["mobile","desktop"],"size":5560},"media/panorama_407FE2E8_4D39_741D_41B2_FCDF6042BAD4_0/d/0/0_0.webp":{"tags":["mobile","desktop"],"size":3164},"media/panorama_407F8EE4_4D39_4C15_41CF_296F297B32E6_0/f/0/1_1.webp":{"tags":["mobile","desktop"],"size":7458},"media/panorama_434A5970_4D39_340D_41AB_0994DDE984F4_0/l/1/1_1.webp":{"tags":["mobile","desktop"],"size":2194},"media/panorama_406B0668_4D39_5C1D_41BB_704D9F23A200_0/d/0/2_2.webp":{"tags":["mobile","desktop"],"size":3068},"media/panorama_407FE2E8_4D39_741D_41B2_FCDF6042BAD4_0/l/0/0_0.webp":{"tags":["mobile","desktop"],"size":2634},"media/panorama_406B0668_4D39_5C1D_41BB_704D9F23A200_0/d/0/1_3.webp":{"tags":["mobile","desktop"],"size":2540},"media/panorama_406B0668_4D39_5C1D_41BB_704D9F23A200_0/d/0/3_3.webp":{"tags":["mobile","desktop"],"size":2924},"lib/tdvplayer.js":{"size":3667751},"media/panorama_407FE2E8_4D39_741D_41B2_FCDF6042BAD4_0/r/0/1_2.webp":{"tags":["mobile","desktop"],"size":1990},"media/panorama_407F8EE4_4D39_4C15_41CF_296F297B32E6_0/f/0/3_0.webp":{"tags":["mobile","desktop"],"size":13606},"media/panorama_407F8EE4_4D39_4C15_41CF_296F297B32E6_0/d/0/2_2.webp":{"tags":["mobile","desktop"],"size":7428},"media/panorama_406B0668_4D39_5C1D_41BB_704D9F23A200_0/l/0/3_2.webp":{"tags":["mobile","desktop"],"size":1140},"media/panorama_406B0668_4D39_5C1D_41BB_704D9F23A200_0/f/0/0_1.webp":{"tags":["mobile","desktop"],"size":1420},"media/panorama_434A5970_4D39_340D_41AB_0994DDE984F4_0/r/0/3_2.webp":{"tags":["mobile","desktop"],"size":2876},"media/panorama_406B0668_4D39_5C1D_41BB_704D9F23A200_0/b/0/0_3.webp":{"tags":["mobile","desktop"],"size":1774},"media/panorama_434A5970_4D39_340D_41AB_0994DDE984F4_0/d/0/2_2.webp":{"tags":["mobile","desktop"],"size":2928},"media/panorama_406B0668_4D39_5C1D_41BB_704D9F23A200_0/u/0/3_2.webp":{"tags":["mobile","desktop"],"size":1918},"lib/cursors/N.cur":{"size":3542},"media/panorama_407FE2E8_4D39_741D_41B2_FCDF6042BAD4_0/r/1/1_0.webp":{"tags":["mobile","desktop"],"size":2706},"media/panorama_434A5970_4D39_340D_41AB_0994DDE984F4_0/f/1/1_0.webp":{"tags":["mobile","desktop"],"size":5698},"media/panorama_407FE2E8_4D39_741D_41B2_FCDF6042BAD4_0/u/0/3_2.webp":{"tags":["mobile","desktop"],"size":4520},"media/panorama_434A5970_4D39_340D_41AB_0994DDE984F4_0/r/0/1_3.webp":{"tags":["mobile","desktop"],"size":2066},"media/panorama_407FE2E8_4D39_741D_41B2_FCDF6042BAD4_0/b/0/3_1.webp":{"tags":["mobile","desktop"],"size":2836},"media/panorama_434A5970_4D39_340D_41AB_0994DDE984F4_0/d/1/1_0.webp":{"tags":["mobile","desktop"],"size":2798},"media/panorama_406B0668_4D39_5C1D_41BB_704D9F23A200_0/d/0/0_1.webp":{"tags":["mobile","desktop"],"size":2354},"media/panorama_407FE2E8_4D39_741D_41B2_FCDF6042BAD4_0/d/0/3_2.webp":{"tags":["mobile","desktop"],"size":4750},"misc/icon150.png":{"size":11238},"media/panorama_434A5970_4D39_340D_41AB_0994DDE984F4_0/l/0/3_1.webp":{"tags":["mobile","desktop"],"size":2212},"media/panorama_407FE2E8_4D39_741D_41B2_FCDF6042BAD4_0/r/0/2_0.webp":{"tags":["mobile","desktop"],"size":2700},"media/panorama_407F8EE4_4D39_4C15_41CF_296F297B32E6_0/f/0/1_0.webp":{"tags":["mobile","desktop"],"size":9900},"media/panorama_407FE2E8_4D39_741D_41B2_FCDF6042BAD4_0/b/1/0_1.webp":{"tags":["mobile","desktop"],"size":8958},"media/panorama_434A5970_4D39_340D_41AB_0994DDE984F4_0/r/1/1_0.webp":{"tags":["mobile","desktop"],"size":6016},"lib/webxr-input-profiles/meta-quest-touch-plus/right.glb":{"size":213868},"media/panorama_407F8EE4_4D39_4C15_41CF_296F297B32E6_0/f/0/0_1.webp":{"tags":["mobile","desktop"],"size":3336},"media/panorama_407FE2E8_4D39_741D_41B2_FCDF6042BAD4_0/r/0/0_3.webp":{"tags":["mobile","desktop"],"size":2336},"media/panorama_407FE2E8_4D39_741D_41B2_FCDF6042BAD4_0/r/0/3_1.webp":{"tags":["mobile","desktop"],"size":2960},"media/panorama_434A5970_4D39_340D_41AB_0994DDE984F4_0/r/0/0_2.webp":{"tags":["mobile","desktop"],"size":2090},"media/panorama_434A5970_4D39_340D_41AB_0994DDE984F4_0/u/1/1_0.webp":{"tags":["mobile","desktop"],"size":1002},"media/panorama_406B0668_4D39_5C1D_41BB_704D9F23A200_0/b/0/0_1.webp":{"tags":["mobile","desktop"],"size":2824},"media/panorama_407FE2E8_4D39_741D_41B2_FCDF6042BAD4_0/u/0/1_0.webp":{"tags":["mobile","desktop"],"size":2184},"media/panorama_407FE2E8_4D39_741D_41B2_FCDF6042BAD4_0/u/0/0_1.webp":{"tags":["mobile","desktop"],"size":2598},"media/panorama_407FE2E8_4D39_741D_41B2_FCDF6042BAD4_0/f/0/3_2.webp":{"tags":["mobile","desktop"],"size":3784},"media/panorama_407F8EE4_4D39_4C15_41CF_296F297B32E6_0/l/0/1_2.webp":{"tags":["mobile","desktop"],"size":27154},"media/panorama_406B0668_4D39_5C1D_41BB_704D9F23A200_0/r/0/0_2.webp":{"tags":["mobile","desktop"],"size":3154},"media/panorama_434A5970_4D39_340D_41AB_0994DDE984F4_0/f/0/0_0.webp":{"tags":["mobile","desktop"],"size":2158},"media/panorama_407F8EE4_4D39_4C15_41CF_296F297B32E6_0/l/0/1_0.webp":{"tags":["mobile","desktop"],"size":8658},"media/panorama_434A5970_4D39_340D_41AB_0994DDE984F4_0/u/0/2_1.webp":{"tags":["mobile","desktop"],"size":1078},"media/panorama_407F8EE4_4D39_4C15_41CF_296F297B32E6_0/b/0/1_0.webp":{"tags":["mobile","desktop"],"size":9876},"media/panorama_407FE2E8_4D39_741D_41B2_FCDF6042BAD4_0/r/0/2_3.webp":{"tags":["mobile","desktop"],"size":1780},"media/panorama_434A5970_4D39_340D_41AB_0994DDE984F4_0/u/1/0_0.webp":{"tags":["mobile","desktop"],"size":5914},"media/panorama_434A5970_4D39_340D_41AB_0994DDE984F4_0/r/0/0_0.webp":{"tags":["mobile","desktop"],"size":1754},"media/panorama_406B0668_4D39_5C1D_41BB_704D9F23A200_0/f/0/1_3.webp":{"tags":["mobile","desktop"],"size":4242},"media/panorama_434A5970_4D39_340D_41AB_0994DDE984F4_0/f/0/1_2.webp":{"tags":["mobile","desktop"],"size":8488},"media/panorama_407FE2E8_4D39_741D_41B2_FCDF6042BAD4_0/b/0/2_1.webp":{"tags":["mobile","desktop"],"size":7014},"media/panorama_407F8EE4_4D39_4C15_41CF_296F297B32E6_0/b/0/2_3.webp":{"tags":["mobile","desktop"],"size":9864},"media/panorama_434A5970_4D39_340D_41AB_0994DDE984F4_0/b/0/3_1.webp":{"tags":["mobile","desktop"],"size":2076},"media/panorama_407FE2E8_4D39_741D_41B2_FCDF6042BAD4_0/b/0/2_0.webp":{"tags":["mobile","desktop"],"size":2332},"media/panorama_407FE2E8_4D39_741D_41B2_FCDF6042BAD4_0/d/0/2_1.webp":{"tags":["mobile","desktop"],"size":2940},"media/panorama_406B0668_4D39_5C1D_41BB_704D9F23A200_0/l/0/0_1.webp":{"tags":["mobile","desktop"],"size":1138},"media/panorama_407F8EE4_4D39_4C15_41CF_296F297B32E6_0/u/0/1_0.webp":{"tags":["mobile","desktop"],"size":3624},"media/panorama_407FE2E8_4D39_741D_41B2_FCDF6042BAD4_0/f/0/0_1.webp":{"tags":["mobile","desktop"],"size":3300},"media/panorama_434A5970_4D39_340D_41AB_0994DDE984F4_0/u/0/0_0.webp":{"tags":["mobile","desktop"],"size":1140},"media/panorama_406B0668_4D39_5C1D_41BB_704D9F23A200_0/d/2/0_0.webp":{"size":8138},"media/panorama_406B0668_4D39_5C1D_41BB_704D9F23A200_0/u/0/3_3.webp":{"tags":["mobile","desktop"],"size":2048},"media/panorama_407FE2E8_4D39_741D_41B2_FCDF6042BAD4_0/u/0/0_0.webp":{"tags":["mobile","desktop"],"size":2180},"media/panorama_407F8EE4_4D39_4C15_41CF_296F297B32E6_0/d/1/0_0.webp":{"tags":["mobile","desktop"],"size":17420},"lib/cursors/FSE.cur":{"size":4526},"media/panorama_407F8EE4_4D39_4C15_41CF_296F297B32E6_0/r/0/1_0.webp":{"tags":["mobile","desktop"],"size":9194},"media/panorama_434A5970_4D39_340D_41AB_0994DDE984F4_0/u/0/1_2.webp":{"tags":["mobile","desktop"],"size":5120},"media/panorama_434A5970_4D39_340D_41AB_0994DDE984F4_0/f/0/0_2.webp":{"tags":["mobile","desktop"],"size":3444},"media/panorama_406B0668_4D39_5C1D_41BB_704D9F23A200_0/r/0/3_1.webp":{"tags":["mobile","desktop"],"size":1940},"media/panorama_407FE2E8_4D39_741D_41B2_FCDF6042BAD4_0/f/0/2_0.webp":{"tags":["mobile","desktop"],"size":2982},"media/panorama_407F8EE4_4D39_4C15_41CF_296F297B32E6_0/u/0/0_1.webp":{"tags":["mobile","desktop"],"size":1672},"media/panorama_434A5970_4D39_340D_41AB_0994DDE984F4_0/d/0/0_0.webp":{"tags":["mobile","desktop"],"size":1942},"media/panorama_407F8EE4_4D39_4C15_41CF_296F297B32E6_0/l/0/2_2.webp":{"tags":["mobile","desktop"],"size":14374},"media/panorama_406B0668_4D39_5C1D_41BB_704D9F23A200_0/f/0/0_0.webp":{"tags":["mobile","desktop"],"size":1124},"media/panorama_407FE2E8_4D39_741D_41B2_FCDF6042BAD4_0/f/0/1_0.webp":{"tags":["mobile","desktop"],"size":2756},"lib/webxr-input-profiles/htc-vive-focus-3/right.glb":{"size":581924},"media/panorama_434A5970_4D39_340D_41AB_0994DDE984F4_0/l/0/0_0.webp":{"tags":["mobile","desktop"],"size":1294},"media/panorama_434A5970_4D39_340D_41AB_0994DDE984F4_0/d/1/0_1.webp":{"tags":["mobile","desktop"],"size":4126},"media/panorama_434A5970_4D39_340D_41AB_0994DDE984F4_0/r/0/3_1.webp":{"tags":["mobile","desktop"],"size":3452},"media/panorama_434A5970_4D39_340D_41AB_0994DDE984F4_0/f/0/0_3.webp":{"tags":["mobile","desktop"],"size":3390},"media/panorama_407FE2E8_4D39_741D_41B2_FCDF6042BAD4_0/b/0/1_0.webp":{"tags":["mobile","desktop"],"size":2168},"lib/webxr-input-profiles/oculus-touch-v3/right.glb":{"size":665920},"media/panorama_407FE2E8_4D39_741D_41B2_FCDF6042BAD4_0/r/1/0_0.webp":{"tags":["mobile","desktop"],"size":2274},"media/panorama_406B0668_4D39_5C1D_41BB_704D9F23A200_0/b/1/1_1.webp":{"tags":["mobile","desktop"],"size":7798},"media/panorama_407F8EE4_4D39_4C15_41CF_296F297B32E6_0/d/0/0_3.webp":{"tags":["mobile","desktop"],"size":8464},"media/panorama_407FE2E8_4D39_741D_41B2_FCDF6042BAD4_0/b/0/1_1.webp":{"tags":["mobile","desktop"],"size":8284},"media/panorama_434A5970_4D39_340D_41AB_0994DDE984F4_0/f/0/3_2.webp":{"tags":["mobile","desktop"],"size":6408},"lib/cursors/grabbing.cur":{"size":326},"media/panorama_407F8EE4_4D39_4C15_41CF_296F297B32E6_0/f/1/1_0.webp":{"tags":["mobile","desktop"],"size":20000},"media/panorama_407FE2E8_4D39_741D_41B2_FCDF6042BAD4_0/u/0/3_1.webp":{"tags":["mobile","desktop"],"size":2328},"media/panorama_434A5970_4D39_340D_41AB_0994DDE984F4_0/b/0/3_3.webp":{"tags":["mobile","desktop"],"size":2058},"media/panorama_407F8EE4_4D39_4C15_41CF_296F297B32E6_0/d/0/1_0.webp":{"tags":["mobile","desktop"],"size":8138},"media/panorama_407FE2E8_4D39_741D_41B2_FCDF6042BAD4_0/b/0/3_3.webp":{"tags":["mobile","desktop"],"size":2732},"media/panorama_434A5970_4D39_340D_41AB_0994DDE984F4_0/f/0/2_1.webp":{"tags":["mobile","desktop"],"size":6436},"media/panorama_407FE2E8_4D39_741D_41B2_FCDF6042BAD4_0/b/0/0_3.webp":{"tags":["mobile","desktop"],"size":3250},"media/panorama_406B0668_4D39_5C1D_41BB_704D9F23A200_0/b/0/2_0.webp":{"tags":["mobile","desktop"],"size":3444},"media/panorama_407FE2E8_4D39_741D_41B2_FCDF6042BAD4_0/l/1/0_1.webp":{"tags":["mobile","desktop"],"size":1952},"media/panorama_434A5970_4D39_340D_41AB_0994DDE984F4_0/f/0/3_0.webp":{"tags":["mobile","desktop"],"size":2866},"media/panorama_407F8EE4_4D39_4C15_41CF_296F297B32E6_0/b/0/3_1.webp":{"tags":["mobile","desktop"],"size":8332},"media/panorama_407FE2E8_4D39_741D_41B2_FCDF6042BAD4_0/f/0/2_3.webp":{"tags":["mobile","desktop"],"size":4712},"media/panorama_406B0668_4D39_5C1D_41BB_704D9F23A200_0/u/0/1_0.webp":{"tags":["mobile","desktop"],"size":1302},"media/panorama_406B0668_4D39_5C1D_41BB_704D9F23A200_0/f/1/0_1.webp":{"tags":["mobile","desktop"],"size":3218},"media/panorama_406B0668_4D39_5C1D_41BB_704D9F23A200_0/f/0/2_3.webp":{"tags":["mobile","desktop"],"size":3238},"media/panorama_407FE2E8_4D39_741D_41B2_FCDF6042BAD4_0/b/0/3_2.webp":{"tags":["mobile","desktop"],"size":2848},"media/panorama_406B0668_4D39_5C1D_41BB_704D9F23A200_0/r/1/0_1.webp":{"tags":["mobile","desktop"],"size":6158},"media/panorama_406B0668_4D39_5C1D_41BB_704D9F23A200_0/f/0/0_2.webp":{"tags":["mobile","desktop"],"size":1292},"lib/webxr-input-profiles/profilesList.json":{"size":548},"media/panorama_406B0668_4D39_5C1D_41BB_704D9F23A200_0/f/0/1_1.webp":{"tags":["mobile","desktop"],"size":1410},"media/panorama_407F8EE4_4D39_4C15_41CF_296F297B32E6_0/r/0/0_3.webp":{"tags":["mobile","desktop"],"size":8628},"media/panorama_407FE2E8_4D39_741D_41B2_FCDF6042BAD4_0/r/0/0_0.webp":{"tags":["mobile","desktop"],"size":2396},"media/panorama_407F8EE4_4D39_4C15_41CF_296F297B32E6_0/b/0/1_2.webp":{"tags":["mobile","desktop"],"size":14630},"media/panorama_407FE2E8_4D39_741D_41B2_FCDF6042BAD4_0/l/0/3_0.webp":{"tags":["mobile","desktop"],"size":2150},"media/panorama_407FE2E8_4D39_741D_41B2_FCDF6042BAD4_0/u/1/0_1.webp":{"tags":["mobile","desktop"],"size":1826},"media/panorama_434A5970_4D39_340D_41AB_0994DDE984F4_0/b/0/2_1.webp":{"tags":["mobile","desktop"],"size":1164},"media/panorama_407F8EE4_4D39_4C15_41CF_296F297B32E6_0/d/0/1_1.webp":{"tags":["mobile","desktop"],"size":10586},"media/panorama_406B0668_4D39_5C1D_41BB_704D9F23A200_0/l/0/0_2.webp":{"tags":["mobile","desktop"],"size":1196},"media/panorama_406B0668_4D39_5C1D_41BB_704D9F23A200_0/u/0/0_0.webp":{"tags":["mobile","desktop"],"size":1340},"media/panorama_407F8EE4_4D39_4C15_41CF_296F297B32E6_0/u/2/0_0.webp":{"size":10108},"media/panorama_434A5970_4D39_340D_41AB_0994DDE984F4_0/u/1/1_1.webp":{"tags":["mobile","desktop"],"size":998},"media/panorama_434A5970_4D39_340D_41AB_0994DDE984F4_0/d/0/0_3.webp":{"tags":["mobile","desktop"],"size":2240},"media/panorama_406B0668_4D39_5C1D_41BB_704D9F23A200_0/u/0/3_0.webp":{"tags":["mobile","desktop"],"size":1174},"media/panorama_406B0668_4D39_5C1D_41BB_704D9F23A200_0/l/0/1_3.webp":{"tags":["mobile","desktop"],"size":1192},"media/panorama_407FE2E8_4D39_741D_41B2_FCDF6042BAD4_0/b/1/1_0.webp":{"tags":["mobile","desktop"],"size":4962},"lib/cursors/FNW.cur":{"size":4526},"media/panorama_407FE2E8_4D39_741D_41B2_FCDF6042BAD4_0/d/1/1_0.webp":{"tags":["mobile","desktop"],"size":5264},"lib/basis/basis_transcoder.js":{"size":62337},"media/panorama_407F8EE4_4D39_4C15_41CF_296F297B32E6_0/r/0/0_2.webp":{"tags":["mobile","desktop"],"size":13050},"lib/webxr-input-profiles/generic-trigger/profile.json":{"size":2840},"media/panorama_407FE2E8_4D39_741D_41B2_FCDF6042BAD4_0/u/0/1_3.webp":{"tags":["mobile","desktop"],"size":2258},"media/panorama_407F8EE4_4D39_4C15_41CF_296F297B32E6_0/f/0/3_1.webp":{"tags":["mobile","desktop"],"size":13440},"media/panorama_407F8EE4_4D39_4C15_41CF_296F297B32E6_0/u/0/2_2.webp":{"tags":["mobile","desktop"],"size":2200},"media/panorama_434A5970_4D39_340D_41AB_0994DDE984F4_0/r/1/1_1.webp":{"tags":["mobile","desktop"],"size":4986},"media/panorama_434A5970_4D39_340D_41AB_0994DDE984F4_0/u/0/2_0.webp":{"tags":["mobile","desktop"],"size":1060},"lib/Hls.js":{"size":295303},"media/panorama_434A5970_4D39_340D_41AB_0994DDE984F4_0/u/0/3_2.webp":{"tags":["mobile","desktop"],"size":980},"lib/cursors/S.cur":{"size":3542},"media/panorama_434A5970_4D39_340D_41AB_0994DDE984F4_0/r/0/2_3.webp":{"tags":["mobile","desktop"],"size":1132},"media/panorama_434A5970_4D39_340D_41AB_0994DDE984F4_0/u/0/3_3.webp":{"tags":["mobile","desktop"],"size":1192},"lib/webxr-input-profiles/oculus-touch-v3/profile.json":{"size":10801},"lib/webxr-input-profiles/meta-quest-touch-plus/profile.json":{"size":10819},"media/panorama_407F8EE4_4D39_4C15_41CF_296F297B32E6_0/b/0/0_0.webp":{"tags":["mobile","desktop"],"size":8038},"media/panorama_406B0668_4D39_5C1D_41BB_704D9F23A200_0/b/1/1_0.webp":{"tags":["mobile","desktop"],"size":4010},"media/panorama_407FE2E8_4D39_741D_41B2_FCDF6042BAD4_0/u/0/2_2.webp":{"tags":["mobile","desktop"],"size":5886},"media/panorama_407F8EE4_4D39_4C15_41CF_296F297B32E6_0/f/0/2_1.webp":{"tags":["mobile","desktop"],"size":7230},"media/panorama_407FE2E8_4D39_741D_41B2_FCDF6042BAD4_0/l/0/1_0.webp":{"tags":["mobile","desktop"],"size":2520},"lib/webxr-input-profiles/generic-button/none.glb":{"size":1268704},"lib/webxr-input-profiles/oculus-touch-v3/left.glb":{"size":665820},"media/panorama_434A5970_4D39_340D_41AB_0994DDE984F4_0/b/0/2_0.webp":{"tags":["mobile","desktop"],"size":1112},"media/panorama_407F8EE4_4D39_4C15_41CF_296F297B32E6_0/b/0/2_2.webp":{"tags":["mobile","desktop"],"size":16546},"media/panorama_407F8EE4_4D39_4C15_41CF_296F297B32E6_0/l/1/1_1.webp":{"tags":["mobile","desktop"],"size":19996},"media/panorama_407FE2E8_4D39_741D_41B2_FCDF6042BAD4_0/l/1/1_1.webp":{"tags":["mobile","desktop"],"size":2058},"media/panorama_406B0668_4D39_5C1D_41BB_704D9F23A200_0/l/0/3_3.webp":{"tags":["mobile","desktop"],"size":1096},"lib/draco/draco_wasm_wrapper.js":{"size":58456},"media/panorama_407F8EE4_4D39_4C15_41CF_296F297B32E6_0/d/0/0_1.webp":{"tags":["mobile","desktop"],"size":10830},"media/panorama_434A5970_4D39_340D_41AB_0994DDE984F4_0/l/0/2_3.webp":{"tags":["mobile","desktop"],"size":1578},"media/panorama_406B0668_4D39_5C1D_41BB_704D9F23A200_0/d/1/0_1.webp":{"tags":["mobile","desktop"],"size":4902},"media/panorama_407FE2E8_4D39_741D_41B2_FCDF6042BAD4_0/f/0/3_3.webp":{"tags":["mobile","desktop"],"size":3452},"media/panorama_434A5970_4D39_340D_41AB_0994DDE984F4_0/l/0/1_0.webp":{"tags":["mobile","desktop"],"size":1062},"lib/webxr-input-profiles/generic-hand/left.glb":{"size":94572},"media/panorama_407FE2E8_4D39_741D_41B2_FCDF6042BAD4_0/r/0/3_0.webp":{"tags":["mobile","desktop"],"size":2872},"media/panorama_407F8EE4_4D39_4C15_41CF_296F297B32E6_0/d/0/3_0.webp":{"tags":["mobile","desktop"],"size":5472},"media/panorama_407FE2E8_4D39_741D_41B2_FCDF6042BAD4_0/f/0/1_1.webp":{"tags":["mobile","desktop"],"size":3974},"lib/webxr-input-profiles/generic-hand/right.glb":{"size":94004},"lib/cursors/SE.cur":{"size":3542},"media/panorama_406B0668_4D39_5C1D_41BB_704D9F23A200_0/u/0/2_1.webp":{"tags":["mobile","desktop"],"size":1914},"media/panorama_434A5970_4D39_340D_41AB_0994DDE984F4_0/u/0/2_2.webp":{"tags":["mobile","desktop"],"size":1012},"media/panorama_407FE2E8_4D39_741D_41B2_FCDF6042BAD4_0/d/0/2_0.webp":{"tags":["mobile","desktop"],"size":2416},"media/panorama_407FE2E8_4D39_741D_41B2_FCDF6042BAD4_0/u/0/2_0.webp":{"tags":["mobile","desktop"],"size":2556},"media/panorama_434A5970_4D39_340D_41AB_0994DDE984F4_0/b/0/0_3.webp":{"tags":["mobile","desktop"],"size":1432},"media/panorama_406B0668_4D39_5C1D_41BB_704D9F23A200_0/d/0/0_3.webp":{"tags":["mobile","desktop"],"size":2308},"media/panorama_434A5970_4D39_340D_41AB_0994DDE984F4_0/l/0/3_2.webp":{"tags":["mobile","desktop"],"size":2018},"media/panorama_407FE2E8_4D39_741D_41B2_FCDF6042BAD4_0/d/0/1_0.webp":{"tags":["mobile","desktop"],"size":3788},"media/panorama_406B0668_4D39_5C1D_41BB_704D9F23A200_0/d/0/3_2.webp":{"tags":["mobile","desktop"],"size":2754},"media/panorama_406B0668_4D39_5C1D_41BB_704D9F23A200_0/d/1/1_0.webp":{"tags":["mobile","desktop"],"size":7508},"media/panorama_434A5970_4D39_340D_41AB_0994DDE984F4_0/b/0/1_2.webp":{"tags":["mobile","desktop"],"size":1134},"media/panorama_407F8EE4_4D39_4C15_41CF_296F297B32E6_0/d/0/2_3.webp":{"tags":["mobile","desktop"],"size":6382},"media/panorama_407FE2E8_4D39_741D_41B2_FCDF6042BAD4_0/f/1/0_1.webp":{"tags":["mobile","desktop"],"size":5134},"media/panorama_407F8EE4_4D39_4C15_41CF_296F297B32E6_0/l/1/0_1.webp":{"tags":["mobile","desktop"],"size":21344},"media/panorama_434A5970_4D39_340D_41AB_0994DDE984F4_0/d/0/3_3.webp":{"tags":["mobile","desktop"],"size":2110},"media/panorama_406B0668_4D39_5C1D_41BB_704D9F23A200_0/f/0/2_0.webp":{"tags":["mobile","desktop"],"size":1042},"media/panorama_407F8EE4_4D39_4C15_41CF_296F297B32E6_0/r/0/1_2.webp":{"tags":["mobile","desktop"],"size":9574},"media/panorama_434A5970_4D39_340D_41AB_0994DDE984F4_0/b/0/3_2.webp":{"tags":["mobile","desktop"],"size":2296},"media/panorama_407FE2E8_4D39_741D_41B2_FCDF6042BAD4_0/u/0/3_0.webp":{"tags":["mobile","desktop"],"size":2262},"media/panorama_407F8EE4_4D39_4C15_41CF_296F297B32E6_t.webp":{"size":7990},"media/panorama_407F8EE4_4D39_4C15_41CF_296F297B32E6_0/l/1/1_0.webp":{"tags":["mobile","desktop"],"size":12864},"lib/webxr-input-profiles/generic-hand/profile.json":{"size":1942},"media/panorama_406B0668_4D39_5C1D_41BB_704D9F23A200_0/f/1/1_1.webp":{"tags":["mobile","desktop"],"size":2910},"media/panorama_406B0668_4D39_5C1D_41BB_704D9F23A200_0/l/0/3_0.webp":{"tags":["mobile","desktop"],"size":3508},"media/panorama_407FE2E8_4D39_741D_41B2_FCDF6042BAD4_0/l/0/2_2.webp":{"tags":["mobile","desktop"],"size":2674},"media/panorama_406B0668_4D39_5C1D_41BB_704D9F23A200_0/l/1/0_0.webp":{"tags":["mobile","desktop"],"size":2474},"media/panorama_406B0668_4D39_5C1D_41BB_704D9F23A200_0/l/1/1_1.webp":{"tags":["mobile","desktop"],"size":1140},"media/panorama_407FE2E8_4D39_741D_41B2_FCDF6042BAD4_t.webp":{"size":5778},"media/panorama_407F8EE4_4D39_4C15_41CF_296F297B32E6_0/d/0/2_1.webp":{"tags":["mobile","desktop"],"size":7672},"media/panorama_407F8EE4_4D39_4C15_41CF_296F297B32E6_0/u/0/3_1.webp":{"tags":["mobile","desktop"],"size":2562},"lib/webxr-input-profiles/pico-4/profile.json":{"size":9449},"media/panorama_407FE2E8_4D39_741D_41B2_FCDF6042BAD4_0/u/0/0_2.webp":{"tags":["mobile","desktop"],"size":2102},"media/panorama_407F8EE4_4D39_4C15_41CF_296F297B32E6_0/f/0/3_3.webp":{"tags":["mobile","desktop"],"size":10980},"media/panorama_407F8EE4_4D39_4C15_41CF_296F297B32E6_0/l/0/3_1.webp":{"tags":["mobile","desktop"],"size":8670},"media/panorama_407FE2E8_4D39_741D_41B2_FCDF6042BAD4_0/d/1/0_0.webp":{"tags":["mobile","desktop"],"size":4918},"media/panorama_434A5970_4D39_340D_41AB_0994DDE984F4_0/l/0/1_1.webp":{"tags":["mobile","desktop"],"size":980},"media/panorama_407F8EE4_4D39_4C15_41CF_296F297B32E6_0/d/0/3_1.webp":{"tags":["mobile","desktop"],"size":7560},"media/panorama_406B0668_4D39_5C1D_41BB_704D9F23A200_0/b/0/2_3.webp":{"tags":["mobile","desktop"],"size":3692},"media/panorama_407F8EE4_4D39_4C15_41CF_296F297B32E6_0/u/1/0_1.webp":{"tags":["mobile","desktop"],"size":9026},"media/panorama_406B0668_4D39_5C1D_41BB_704D9F23A200_0/r/0/1_1.webp":{"tags":["mobile","desktop"],"size":1884},"media/panorama_406B0668_4D39_5C1D_41BB_704D9F23A200_0/u/0/1_2.webp":{"tags":["mobile","desktop"],"size":2106},"media/panorama_407FE2E8_4D39_741D_41B2_FCDF6042BAD4_0/f/1/0_0.webp":{"tags":["mobile","desktop"],"size":3850},"media/panorama_434A5970_4D39_340D_41AB_0994DDE984F4_0/d/0/0_1.webp":{"tags":["mobile","desktop"],"size":2438},"media/panorama_434A5970_4D39_340D_41AB_0994DDE984F4_0/u/2/0_0.webp":{"size":3938},"media/panorama_434A5970_4D39_340D_41AB_0994DDE984F4_0/u/0/0_2.webp":{"tags":["mobile","desktop"],"size":1042},"media/panorama_434A5970_4D39_340D_41AB_0994DDE984F4_0/l/0/2_0.webp":{"tags":["mobile","desktop"],"size":1330},"media/panorama_406B0668_4D39_5C1D_41BB_704D9F23A200_0/d/0/3_1.webp":{"tags":["mobile","desktop"],"size":4694},"media/panorama_407FE2E8_4D39_741D_41B2_FCDF6042BAD4_0/l/0/0_2.webp":{"tags":["mobile","desktop"],"size":2492},"media/panorama_434A5970_4D39_340D_41AB_0994DDE984F4_0/f/0/2_0.webp":{"tags":["mobile","desktop"],"size":2602},"media/panorama_407F8EE4_4D39_4C15_41CF_296F297B32E6_0/r/1/0_1.webp":{"tags":["mobile","desktop"],"size":17074},"media/panorama_406B0668_4D39_5C1D_41BB_704D9F23A200_0/b/0/0_0.webp":{"tags":["mobile","desktop"],"size":3504},"media/panorama_434A5970_4D39_340D_41AB_0994DDE984F4_0/r/0/1_0.webp":{"tags":["mobile","desktop"],"size":1252},"media/panorama_434A5970_4D39_340D_41AB_0994DDE984F4_0/b/0/1_1.webp":{"tags":["mobile","desktop"],"size":1120},"media/panorama_407FE2E8_4D39_741D_41B2_FCDF6042BAD4_0/u/0/1_1.webp":{"tags":["mobile","desktop"],"size":2130},"lib/tdvplayer.json":{"size":71},"media/panorama_434A5970_4D39_340D_41AB_0994DDE984F4_0/u/0/1_1.webp":{"tags":["mobile","desktop"],"size":10534},"media/panorama_434A5970_4D39_340D_41AB_0994DDE984F4_0/f/0/1_1.webp":{"tags":["mobile","desktop"],"size":4396},"imsmanifest.xml":{"size":46229},"media/panorama_407F8EE4_4D39_4C15_41CF_296F297B32E6_0/b/1/0_1.webp":{"tags":["mobile","desktop"],"size":12694},"media/panorama_406B0668_4D39_5C1D_41BB_704D9F23A200_0/f/0/1_2.webp":{"tags":["mobile","desktop"],"size":1388},"media/panorama_407FE2E8_4D39_741D_41B2_FCDF6042BAD4_0/d/0/3_3.webp":{"tags":["mobile","desktop"],"size":3388},"media/panorama_407FE2E8_4D39_741D_41B2_FCDF6042BAD4_0/l/0/1_1.webp":{"tags":["mobile","desktop"],"size":2140},"media/panorama_406B0668_4D39_5C1D_41BB_704D9F23A200_0/u/1/0_1.webp":{"tags":["mobile","desktop"],"size":3238},"media/panorama_406B0668_4D39_5C1D_41BB_704D9F23A200_0/l/1/1_0.webp":{"tags":["mobile","desktop"],"size":3452},"media/panorama_407F8EE4_4D39_4C15_41CF_296F297B32E6_0/u/0/1_1.webp":{"tags":["mobile","desktop"],"size":4356},"media/panorama_407FE2E8_4D39_741D_41B2_FCDF6042BAD4_0/f/0/1_3.webp":{"tags":["mobile","desktop"],"size":4758},"media/panorama_434A5970_4D39_340D_41AB_0994DDE984F4_0/f/0/0_1.webp":{"tags":["mobile","desktop"],"size":2022},"media/panorama_407F8EE4_4D39_4C15_41CF_296F297B32E6_0/f/0/1_2.webp":{"tags":["mobile","desktop"],"size":5524},"media/panorama_407F8EE4_4D39_4C15_41CF_296F297B32E6_0/f/0/3_2.webp":{"tags":["mobile","desktop"],"size":14096},"media/panorama_406B0668_4D39_5C1D_41BB_704D9F23A200_0/u/2/0_0.webp":{"size":3972},"media/panorama_407F8EE4_4D39_4C15_41CF_296F297B32E6_0/d/0/0_2.webp":{"tags":["mobile","desktop"],"size":13702},"media/panorama_407FE2E8_4D39_741D_41B2_FCDF6042BAD4_0/f/2/0_0.webp":{"size":6606},"media/panorama_406B0668_4D39_5C1D_41BB_704D9F23A200_0/b/0/1_3.webp":{"tags":["mobile","desktop"],"size":4076},"media/panorama_407F8EE4_4D39_4C15_41CF_296F297B32E6_0/u/0/3_0.webp":{"tags":["mobile","desktop"],"size":7084},"media/panorama_407FE2E8_4D39_741D_41B2_FCDF6042BAD4_0/f/0/2_1.webp":{"tags":["mobile","desktop"],"size":4360},"media/panorama_434A5970_4D39_340D_41AB_0994DDE984F4_0/d/0/1_2.webp":{"tags":["mobile","desktop"],"size":4056},"lib/webxr-input-profiles/htc-vive-focus-3/left.glb":{"size":586776},"lib/webxr-input-profiles/generic-trigger/right.glb":{"size":1276056},"media/panorama_434A5970_4D39_340D_41AB_0994DDE984F4_0/b/0/1_3.webp":{"tags":["mobile","desktop"],"size":1242},"media/panorama_407F8EE4_4D39_4C15_41CF_296F297B32E6_0/b/1/1_1.webp":{"tags":["mobile","desktop"],"size":18140},"media/panorama_407F8EE4_4D39_4C15_41CF_296F297B32E6_0/u/1/1_0.webp":{"tags":["mobile","desktop"],"size":8224},"media/panorama_434A5970_4D39_340D_41AB_0994DDE984F4_0/r/0/3_0.webp":{"tags":["mobile","desktop"],"size":3510},"media/panorama_407F8EE4_4D39_4C15_41CF_296F297B32E6_0/u/1/1_1.webp":{"tags":["mobile","desktop"],"size":2130},"lib/cursors/W.cur":{"size":3542},"lib/cursors/FSW.cur":{"size":4526},"media/panorama_407FE2E8_4D39_741D_41B2_FCDF6042BAD4_0/d/0/1_2.webp":{"tags":["mobile","desktop"],"size":5594},"media/panorama_434A5970_4D39_340D_41AB_0994DDE984F4_0/f/0/1_3.webp":{"tags":["mobile","desktop"],"size":12874},"media/panorama_407FE2E8_4D39_741D_41B2_FCDF6042BAD4_0/u/1/1_0.webp":{"tags":["mobile","desktop"],"size":1956},"media/panorama_407FE2E8_4D39_741D_41B2_FCDF6042BAD4_0/u/1/0_0.webp":{"tags":["mobile","desktop"],"size":2016},"media/panorama_407FE2E8_4D39_741D_41B2_FCDF6042BAD4_0/b/0/1_3.webp":{"tags":["mobile","desktop"],"size":2268},"media/panorama_406B0668_4D39_5C1D_41BB_704D9F23A200_0/r/0/2_1.webp":{"tags":["mobile","desktop"],"size":2052},"media/panorama_434A5970_4D39_340D_41AB_0994DDE984F4_0/r/0/0_3.webp":{"tags":["mobile","desktop"],"size":1926},"media/panorama_406B0668_4D39_5C1D_41BB_704D9F23A200_0/b/0/2_1.webp":{"tags":["mobile","desktop"],"size":2436},"browserconfig.xml":{"size":242},"media/panorama_434A5970_4D39_340D_41AB_0994DDE984F4_0/u/1/0_1.webp":{"tags":["mobile","desktop"],"size":3216},"media/panorama_434A5970_4D39_340D_41AB_0994DDE984F4_0/b/0/3_0.webp":{"tags":["mobile","desktop"],"size":2120},"media/panorama_406B0668_4D39_5C1D_41BB_704D9F23A200_0/r/0/3_0.webp":{"tags":["mobile","desktop"],"size":1602},"media/res_58B3783F_4D3B_7473_41D0_E330A44CA4E1_0.webp":{"size":168434},"index.htm":{"size":2689},"media/panorama_407F8EE4_4D39_4C15_41CF_296F297B32E6_0/d/0/3_3.webp":{"tags":["mobile","desktop"],"size":7330},"media/panorama_434A5970_4D39_340D_41AB_0994DDE984F4_0/b/0/2_3.webp":{"tags":["mobile","desktop"],"size":1352},"media/panorama_406B0668_4D39_5C1D_41BB_704D9F23A200_0/l/0/2_1.webp":{"tags":["mobile","desktop"],"size":1300},"media/panorama_434A5970_4D39_340D_41AB_0994DDE984F4_0/l/2/0_0.webp":{"size":2182},"media/panorama_434A5970_4D39_340D_41AB_0994DDE984F4_0/l/1/0_0.webp":{"tags":["mobile","desktop"],"size":1168},"media/panorama_406B0668_4D39_5C1D_41BB_704D9F23A200_0/u/0/2_0.webp":{"tags":["mobile","desktop"],"size":1246},"media/panorama_406B0668_4D39_5C1D_41BB_704D9F23A200_0/u/1/0_0.webp":{"tags":["mobile","desktop"],"size":2210},"media/panorama_407F8EE4_4D39_4C15_41CF_296F297B32E6_0/f/0/0_2.webp":{"tags":["mobile","desktop"],"size":2520},"media/panorama_406B0668_4D39_5C1D_41BB_704D9F23A200_0/d/0/1_2.webp":{"tags":["mobile","desktop"],"size":4632},"media/panorama_406B0668_4D39_5C1D_41BB_704D9F23A200_0/u/0/1_1.webp":{"tags":["mobile","desktop"],"size":2184},"media/panorama_407FE2E8_4D39_741D_41B2_FCDF6042BAD4_0/d/0/2_3.webp":{"tags":["mobile","desktop"],"size":4538},"media/panorama_406B0668_4D39_5C1D_41BB_704D9F23A200_0/l/0/2_0.webp":{"tags":["mobile","desktop"],"size":3896},"media/panorama_407FE2E8_4D39_741D_41B2_FCDF6042BAD4_0/b/0/3_0.webp":{"tags":["mobile","desktop"],"size":2946},"media/panorama_407FE2E8_4D39_741D_41B2_FCDF6042BAD4_0/d/0/0_3.webp":{"tags":["mobile","desktop"],"size":3604},"media/panorama_407F8EE4_4D39_4C15_41CF_296F297B32E6_0/b/2/0_0.webp":{"size":25702},"media/panorama_407FE2E8_4D39_741D_41B2_FCDF6042BAD4_0/b/0/0_2.webp":{"tags":["mobile","desktop"],"size":4328},"media/panorama_407FE2E8_4D39_741D_41B2_FCDF6042BAD4_0/d/0/1_1.webp":{"tags":["mobile","desktop"],"size":4870},"media/panorama_407FE2E8_4D39_741D_41B2_FCDF6042BAD4_0/u/0/3_3.webp":{"tags":["mobile","desktop"],"size":2218},"media/panorama_407F8EE4_4D39_4C15_41CF_296F297B32E6_0/b/0/0_2.webp":{"tags":["mobile","desktop"],"size":2752},"lib/cursors/FNE.cur":{"size":4526},"media/panorama_407FE2E8_4D39_741D_41B2_FCDF6042BAD4_0/b/2/0_0.webp":{"size":8874},"media/panorama_434A5970_4D39_340D_41AB_0994DDE984F4_0/r/0/0_1.webp":{"tags":["mobile","desktop"],"size":2250},"media/panorama_407FE2E8_4D39_741D_41B2_FCDF6042BAD4_0/l/0/3_3.webp":{"tags":["mobile","desktop"],"size":2304},"media/panorama_406B0668_4D39_5C1D_41BB_704D9F23A200_0/d/0/0_0.webp":{"tags":["mobile","desktop"],"size":1172},"lib/draco/draco_decoder.wasm":{"size":192420},"media/panorama_407FE2E8_4D39_741D_41B2_FCDF6042BAD4_0/f/0/2_2.webp":{"tags":["mobile","desktop"],"size":5616},"media/panorama_407F8EE4_4D39_4C15_41CF_296F297B32E6_0/r/0/2_1.webp":{"tags":["mobile","desktop"],"size":11354},"media/panorama_407FE2E8_4D39_741D_41B2_FCDF6042BAD4_0/f/0/0_3.webp":{"tags":["mobile","desktop"],"size":2776},"media/panorama_406B0668_4D39_5C1D_41BB_704D9F23A200_0/f/0/2_1.webp":{"tags":["mobile","desktop"],"size":1420},"media/panorama_406B0668_4D39_5C1D_41BB_704D9F23A200_0/b/0/3_3.webp":{"tags":["mobile","desktop"],"size":3708},"media/panorama_434A5970_4D39_340D_41AB_0994DDE984F4_0/l/1/1_0.webp":{"tags":["mobile","desktop"],"size":2078},"media/panorama_407FE2E8_4D39_741D_41B2_FCDF6042BAD4_0/b/0/0_1.webp":{"tags":["mobile","desktop"],"size":3682},"media/panorama_407F8EE4_4D39_4C15_41CF_296F297B32E6_0/u/0/0_0.webp":{"tags":["mobile","desktop"],"size":3742},"media/panorama_434A5970_4D39_340D_41AB_0994DDE984F4_0/r/0/2_1.webp":{"tags":["mobile","desktop"],"size":7080},"media/panorama_406B0668_4D39_5C1D_41BB_704D9F23A200_0/b/0/3_2.webp":{"tags":["mobile","desktop"],"size":4904},"media/panorama_407FE2E8_4D39_741D_41B2_FCDF6042BAD4_0/b/0/1_2.webp":{"tags":["mobile","desktop"],"size":13470},"media/panorama_407FE2E8_4D39_741D_41B2_FCDF6042BAD4_0/l/1/0_0.webp":{"tags":["mobile","desktop"],"size":2590},"media/panorama_407F8EE4_4D39_4C15_41CF_296F297B32E6_0/r/0/3_1.webp":{"tags":["mobile","desktop"],"size":9976},"media/panorama_407FE2E8_4D39_741D_41B2_FCDF6042BAD4_0/r/0/2_2.webp":{"tags":["mobile","desktop"],"size":1784},"media/panorama_434A5970_4D39_340D_41AB_0994DDE984F4_0/b/1/0_1.webp":{"tags":["mobile","desktop"],"size":1238},"favicon.ico":{"size":2601},"media/panorama_407F8EE4_4D39_4C15_41CF_296F297B32E6_0/u/0/2_1.webp":{"tags":["mobile","desktop"],"size":3684},"media/panorama_407FE2E8_4D39_741D_41B2_FCDF6042BAD4_0/r/2/0_0.webp":{"size":2502},"media/panorama_406B0668_4D39_5C1D_41BB_704D9F23A200_0/d/0/2_1.webp":{"tags":["mobile","desktop"],"size":5004},"media/panorama_407FE2E8_4D39_741D_41B2_FCDF6042BAD4_0/b/1/0_0.webp":{"tags":["mobile","desktop"],"size":6060},"media/panorama_407F8EE4_4D39_4C15_41CF_296F297B32E6_0/b/0/1_3.webp":{"tags":["mobile","desktop"],"size":7596},"media/panorama_434A5970_4D39_340D_41AB_0994DDE984F4_0/l/0/0_1.webp":{"tags":["mobile","desktop"],"size":1254},"media/panorama_407F8EE4_4D39_4C15_41CF_296F297B32E6_0/r/0/2_2.webp":{"tags":["mobile","desktop"],"size":8564},"media/panorama_434A5970_4D39_340D_41AB_0994DDE984F4_0/u/0/0_3.webp":{"tags":["mobile","desktop"],"size":1152},"media/panorama_407F8EE4_4D39_4C15_41CF_296F297B32E6_0/b/0/2_0.webp":{"tags":["mobile","desktop"],"size":7708},"media/panorama_407FE2E8_4D39_741D_41B2_FCDF6042BAD4_0/l/2/0_0.webp":{"size":2394},"media/panorama_434A5970_4D39_340D_41AB_0994DDE984F4_0/d/0/1_0.webp":{"tags":["mobile","desktop"],"size":2224},"media/panorama_434A5970_4D39_340D_41AB_0994DDE984F4_0/r/2/0_0.webp":{"size":8688},"media/panorama_407F8EE4_4D39_4C15_41CF_296F297B32E6_0/l/0/3_2.webp":{"tags":["mobile","desktop"],"size":7912},"media/panorama_407F8EE4_4D39_4C15_41CF_296F297B32E6_0/b/0/3_2.webp":{"tags":["mobile","desktop"],"size":8054},"media/panorama_407FE2E8_4D39_741D_41B2_FCDF6042BAD4_0/f/0/3_1.webp":{"tags":["mobile","desktop"],"size":4166},"media/panorama_434A5970_4D39_340D_41AB_0994DDE984F4_0/l/0/0_2.webp":{"tags":["mobile","desktop"],"size":1282},"media/panorama_406B0668_4D39_5C1D_41BB_704D9F23A200_0/r/0/0_0.webp":{"tags":["mobile","desktop"],"size":964},"thumbnail.png":{"size":16785},"media/panorama_406B0668_4D39_5C1D_41BB_704D9F23A200_0/l/0/2_3.webp":{"tags":["mobile","desktop"],"size":1096},"media/panorama_407F8EE4_4D39_4C15_41CF_296F297B32E6_hd_t.jpg":{"size":108423},"media/panorama_407FE2E8_4D39_741D_41B2_FCDF6042BAD4_0/r/0/1_1.webp":{"tags":["mobile","desktop"],"size":2102},"media/panorama_434A5970_4D39_340D_41AB_0994DDE984F4_0/d/0/3_0.webp":{"tags":["mobile","desktop"],"size":1928},"media/panorama_434A5970_4D39_340D_41AB_0994DDE984F4_0/l/0/1_3.webp":{"tags":["mobile","desktop"],"size":1346},"misc/icon32.png":{"size":1068},"media/panorama_434A5970_4D39_340D_41AB_0994DDE984F4_0/r/0/3_3.webp":{"tags":["mobile","desktop"],"size":1782},"media/panorama_406B0668_4D39_5C1D_41BB_704D9F23A200_0/r/0/3_3.webp":{"tags":["mobile","desktop"],"size":2566},"media/panorama_406B0668_4D39_5C1D_41BB_704D9F23A200_0/u/0/0_1.webp":{"tags":["mobile","desktop"],"size":2134},"media/panorama_434A5970_4D39_340D_41AB_0994DDE984F4_0/f/0/2_3.webp":{"tags":["mobile","desktop"],"size":14884},"media/panorama_407F8EE4_4D39_4C15_41CF_296F297B32E6_0/l/0/3_0.webp":{"tags":["mobile","desktop"],"size":7334},"media/panorama_406B0668_4D39_5C1D_41BB_704D9F23A200_t.webp":{"size":6308},"media/panorama_407F8EE4_4D39_4C15_41CF_296F297B32E6_0/d/1/0_1.webp":{"tags":["mobile","desktop"],"size":15904},"media/panorama_434A5970_4D39_340D_41AB_0994DDE984F4_0/b/2/0_0.webp":{"size":2102},"lib/webxr-input-profiles/generic-button/right.glb":{"size":1206176},"media/panorama_407F8EE4_4D39_4C15_41CF_296F297B32E6_0/u/0/2_3.webp":{"tags":["mobile","desktop"],"size":1522},"media/panorama_407FE2E8_4D39_741D_41B2_FCDF6042BAD4_0/r/0/0_2.webp":{"tags":["mobile","desktop"],"size":2630},"media/panorama_407F8EE4_4D39_4C15_41CF_296F297B32E6_0/b/0/1_1.webp":{"tags":["mobile","desktop"],"size":18458},"media/panorama_406B0668_4D39_5C1D_41BB_704D9F23A200_0/u/0/1_3.webp":{"tags":["mobile","desktop"],"size":2526},"media/panorama_407F8EE4_4D39_4C15_41CF_296F297B32E6_0/l/0/1_3.webp":{"tags":["mobile","desktop"],"size":13710},"media/panorama_407F8EE4_4D39_4C15_41CF_296F297B32E6_0/u/0/0_3.webp":{"tags":["mobile","desktop"],"size":7452},"media/panorama_407FE2E8_4D39_741D_41B2_FCDF6042BAD4_0/l/0/1_3.webp":{"tags":["mobile","desktop"],"size":2244},"media/panorama_407FE2E8_4D39_741D_41B2_FCDF6042BAD4_0/r/0/3_3.webp":{"tags":["mobile","desktop"],"size":2066},"media/panorama_406B0668_4D39_5C1D_41BB_704D9F23A200_0/f/0/2_2.webp":{"tags":["mobile","desktop"],"size":1320},"media/panorama_406B0668_4D39_5C1D_41BB_704D9F23A200_0/d/0/2_3.webp":{"tags":["mobile","desktop"],"size":3050},"lib/tdvgsworker0.js":{"size":1019475},"media/panorama_434A5970_4D39_340D_41AB_0994DDE984F4_0/u/0/2_3.webp":{"tags":["mobile","desktop"],"size":1072},"media/panorama_407F8EE4_4D39_4C15_41CF_296F297B32E6_0/b/1/0_0.webp":{"tags":["mobile","desktop"],"size":18084},"media/panorama_434A5970_4D39_340D_41AB_0994DDE984F4_0/f/1/1_1.webp":{"tags":["mobile","desktop"],"size":19000},"media/panorama_434A5970_4D39_340D_41AB_0994DDE984F4_0/f/2/0_0.webp":{"size":16006},"lib/cursors/FE.cur":{"size":4526},"media/panorama_407FE2E8_4D39_741D_41B2_FCDF6042BAD4_0/d/2/0_0.webp":{"size":7678},"media/panorama_407F8EE4_4D39_4C15_41CF_296F297B32E6_0/r/1/1_1.webp":{"tags":["mobile","desktop"],"size":10844},"media/panorama_406B0668_4D39_5C1D_41BB_704D9F23A200_0/r/0/0_3.webp":{"tags":["mobile","desktop"],"size":2908},"media/panorama_407F8EE4_4D39_4C15_41CF_296F297B32E6_0/d/0/1_2.webp":{"tags":["mobile","desktop"],"size":9086},"media/panorama_407F8EE4_4D39_4C15_41CF_296F297B32E6_0/r/0/1_3.webp":{"tags":["mobile","desktop"],"size":6380},"media/panorama_407FE2E8_4D39_741D_41B2_FCDF6042BAD4_0/u/0/2_1.webp":{"tags":["mobile","desktop"],"size":2650},"media/panorama_407F8EE4_4D39_4C15_41CF_296F297B32E6_0/u/0/3_3.webp":{"tags":["mobile","desktop"],"size":1620},"media/panorama_406B0668_4D39_5C1D_41BB_704D9F23A200_0/d/0/0_2.webp":{"tags":["mobile","desktop"],"size":3012},"lib/webxr-polyfill.js":{"size":262615},"media/panorama_434A5970_4D39_340D_41AB_0994DDE984F4_0/d/2/0_0.webp":{"size":4948},"media/panorama_406B0668_4D39_5C1D_41BB_704D9F23A200_0/u/1/1_0.webp":{"tags":["mobile","desktop"],"size":1936},"media/panorama_407F8EE4_4D39_4C15_41CF_296F297B32E6_0/l/0/1_1.webp":{"tags":["mobile","desktop"],"size":11650},"lib/webxr-input-profiles/pico-4/right.glb":{"size":769528},"lib/webxr-input-profiles/generic-button/profile.json":{"size":2632},"media/panorama_407FE2E8_4D39_741D_41B2_FCDF6042BAD4_0/u/0/0_3.webp":{"tags":["mobile","desktop"],"size":2216},"media/panorama_407FE2E8_4D39_741D_41B2_FCDF6042BAD4_0/u/2/0_0.webp":{"size":3260},"media/panorama_406B0668_4D39_5C1D_41BB_704D9F23A200_0/l/0/1_2.webp":{"tags":["mobile","desktop"],"size":1178},"media/panorama_406B0668_4D39_5C1D_41BB_704D9F23A200_0/d/0/2_0.webp":{"tags":["mobile","desktop"],"size":2556},"media/panorama_406B0668_4D39_5C1D_41BB_704D9F23A200_0/f/0/0_3.webp":{"tags":["mobile","desktop"],"size":1694},"media/panorama_407FE2E8_4D39_741D_41B2_FCDF6042BAD4_0/u/0/1_2.webp":{"tags":["mobile","desktop"],"size":2078},"media/panorama_407F8EE4_4D39_4C15_41CF_296F297B32E6_0/b/0/3_3.webp":{"tags":["mobile","desktop"],"size":6634},"media/panorama_434A5970_4D39_340D_41AB_0994DDE984F4_0/b/1/1_1.webp":{"tags":["mobile","desktop"],"size":2140},"media/panorama_434A5970_4D39_340D_41AB_0994DDE984F4_0/l/0/3_3.webp":{"tags":["mobile","desktop"],"size":2372},"media/panorama_434A5970_4D39_340D_41AB_0994DDE984F4_0/f/0/2_2.webp":{"tags":["mobile","desktop"],"size":10954},"media/panorama_434A5970_4D39_340D_41AB_0994DDE984F4_0/d/0/0_2.webp":{"tags":["mobile","desktop"],"size":2546},"media/panorama_407FE2E8_4D39_741D_41B2_FCDF6042BAD4_0/f/0/3_0.webp":{"tags":["mobile","desktop"],"size":3056},"misc/icon16.png":{"size":430},"media/panorama_407F8EE4_4D39_4C15_41CF_296F297B32E6_0/u/0/1_3.webp":{"tags":["mobile","desktop"],"size":6020},"media/panorama_406B0668_4D39_5C1D_41BB_704D9F23A200_0/b/1/0_1.webp":{"tags":["mobile","desktop"],"size":6104},"script_general.js":{"size":41109},"media/panorama_407F8EE4_4D39_4C15_41CF_296F297B32E6_0/l/0/2_1.webp":{"tags":["mobile","desktop"],"size":9242},"media/panorama_407F8EE4_4D39_4C15_41CF_296F297B32E6_0/b/0/0_3.webp":{"tags":["mobile","desktop"],"size":4114},"media/panorama_407F8EE4_4D39_4C15_41CF_296F297B32E6_0/u/0/0_2.webp":{"tags":["mobile","desktop"],"size":4832},"media/panorama_434A5970_4D39_340D_41AB_0994DDE984F4_0/b/0/0_1.webp":{"tags":["mobile","desktop"],"size":1274},"media/panorama_434A5970_4D39_340D_41AB_0994DDE984F4_0/d/1/0_0.webp":{"tags":["mobile","desktop"],"size":3652},"media/panorama_406B0668_4D39_5C1D_41BB_704D9F23A200_0/f/1/0_0.webp":{"tags":["mobile","desktop"],"size":1456},"media/panorama_406B0668_4D39_5C1D_41BB_704D9F23A200_0/b/0/3_1.webp":{"tags":["mobile","desktop"],"size":1946},"media/panorama_434A5970_4D39_340D_41AB_0994DDE984F4_0/r/0/1_1.webp":{"tags":["mobile","desktop"],"size":9338},"media/panorama_407FE2E8_4D39_741D_41B2_FCDF6042BAD4_0/l/0/2_1.webp":{"tags":["mobile","desktop"],"size":1618},"media/panorama_434A5970_4D39_340D_41AB_0994DDE984F4_0/l/0/2_2.webp":{"tags":["mobile","desktop"],"size":1336},"media/panorama_406B0668_4D39_5C1D_41BB_704D9F23A200_0/l/2/0_0.webp":{"size":2808},"media/panorama_407F8EE4_4D39_4C15_41CF_296F297B32E6_0/f/0/2_2.webp":{"tags":["mobile","desktop"],"size":11424},"media/panorama_407FE2E8_4D39_741D_41B2_FCDF6042BAD4_0/l/1/1_0.webp":{"tags":["mobile","desktop"],"size":2218},"media/panorama_407FE2E8_4D39_741D_41B2_FCDF6042BAD4_0/d/0/3_1.webp":{"tags":["mobile","desktop"],"size":4394},"media/panorama_434A5970_4D39_340D_41AB_0994DDE984F4_0/f/1/0_0.webp":{"tags":["mobile","desktop"],"size":3614},"media/panorama_434A5970_4D39_340D_41AB_0994DDE984F4_0/b/0/0_0.webp":{"tags":["mobile","desktop"],"size":1336},"lib/cursors/FS.cur":{"size":4526},"media/panorama_406B0668_4D39_5C1D_41BB_704D9F23A200_0/b/0/3_0.webp":{"tags":["mobile","desktop"],"size":3172},"media/panorama_406B0668_4D39_5C1D_41BB_704D9F23A200_0/f/2/0_0.webp":{"size":3184},"media/panorama_406B0668_4D39_5C1D_41BB_704D9F23A200_0/r/0/2_0.webp":{"tags":["mobile","desktop"],"size":2730},"media/panorama_434A5970_4D39_340D_41AB_0994DDE984F4_0/u/0/1_0.webp":{"tags":["mobile","desktop"],"size":996},"lib/cursors/NE.cur":{"size":3542},"media/panorama_434A5970_4D39_340D_41AB_0994DDE984F4_0/l/0/3_0.webp":{"tags":["mobile","desktop"],"size":2042},"media/panorama_407FE2E8_4D39_741D_41B2_FCDF6042BAD4_0/r/0/2_1.webp":{"tags":["mobile","desktop"],"size":2316},"media/panorama_406B0668_4D39_5C1D_41BB_704D9F23A200_0/l/0/1_1.webp":{"tags":["mobile","desktop"],"size":1452},"media/panorama_434A5970_4D39_340D_41AB_0994DDE984F4_0/l/1/0_1.webp":{"tags":["mobile","desktop"],"size":1426},"media/panorama_406B0668_4D39_5C1D_41BB_704D9F23A200_0/u/0/3_1.webp":{"tags":["mobile","desktop"],"size":1836},"media/panorama_407F8EE4_4D39_4C15_41CF_296F297B32E6_0/f/0/1_3.webp":{"tags":["mobile","desktop"],"size":6408},"script.js":{"size":153693},"media/panorama_406B0668_4D39_5C1D_41BB_704D9F23A200_0/f/0/3_0.webp":{"tags":["mobile","desktop"],"size":1098},"media/panorama_407F8EE4_4D39_4C15_41CF_296F297B32E6_0/f/0/2_0.webp":{"tags":["mobile","desktop"],"size":10684},"media/panorama_406B0668_4D39_5C1D_41BB_704D9F23A200_0/u/0/2_2.webp":{"tags":["mobile","desktop"],"size":1902},"media/panorama_407FE2E8_4D39_741D_41B2_FCDF6042BAD4_0/f/0/0_2.webp":{"tags":["mobile","desktop"],"size":2898},"media/panorama_406B0668_4D39_5C1D_41BB_704D9F23A200_0/d/1/0_0.webp":{"tags":["mobile","desktop"],"size":2810},"media/panorama_407FE2E8_4D39_741D_41B2_FCDF6042BAD4_0/f/0/1_2.webp":{"tags":["mobile","desktop"],"size":4590},"media/panorama_434A5970_4D39_340D_41AB_0994DDE984F4_0/r/1/0_1.webp":{"tags":["mobile","desktop"],"size":5892},"lib/tdvgs.js":{"size":1063930},"media/panorama_407F8EE4_4D39_4C15_41CF_296F297B32E6_0/f/0/0_3.webp":{"tags":["mobile","desktop"],"size":1734},"media/panorama_406B0668_4D39_5C1D_41BB_704D9F23A200_0/r/0/1_3.webp":{"tags":["mobile","desktop"],"size":2938},"media/panorama_407F8EE4_4D39_4C15_41CF_296F297B32E6_0/r/1/0_0.webp":{"tags":["mobile","desktop"],"size":11842},"media/panorama_406B0668_4D39_5C1D_41BB_704D9F23A200_0/f/0/3_2.webp":{"tags":["mobile","desktop"],"size":1190},"media/panorama_407F8EE4_4D39_4C15_41CF_296F297B32E6_0/d/0/0_0.webp":{"tags":["mobile","desktop"],"size":8952},"media/panorama_406B0668_4D39_5C1D_41BB_704D9F23A200_0/l/0/0_0.webp":{"tags":["mobile","desktop"],"size":1328},"lib/.DS_Store":{"size":6148},"media/panorama_406B0668_4D39_5C1D_41BB_704D9F23A200_0/r/1/1_1.webp":{"tags":["mobile","desktop"],"size":6820},"media/panorama_407FE2E8_4D39_741D_41B2_FCDF6042BAD4_0/l/0/0_3.webp":{"tags":["mobile","desktop"],"size":2342},"media/panorama_434A5970_4D39_340D_41AB_0994DDE984F4_0/b/1/0_0.webp":{"tags":["mobile","desktop"],"size":1172},"media/panorama_434A5970_4D39_340D_41AB_0994DDE984F4_0/r/0/2_2.webp":{"tags":["mobile","desktop"],"size":7292},"lib/cursors/NW.cur":{"size":3542},"media/panorama_407F8EE4_4D39_4C15_41CF_296F297B32E6_0/r/0/3_0.webp":{"tags":["mobile","desktop"],"size":9090},"media/panorama_407FE2E8_4D39_741D_41B2_FCDF6042BAD4_0/r/1/1_1.webp":{"tags":["mobile","desktop"],"size":2120},"lib/webxr-input-profiles/generic-trigger/none.glb":{"size":1372712},"media/panorama_407FE2E8_4D39_741D_41B2_FCDF6042BAD4_0/r/0/1_3.webp":{"tags":["mobile","desktop"],"size":1912},"media/panorama_407FE2E8_4D39_741D_41B2_FCDF6042BAD4_0/r/1/0_1.webp":{"tags":["mobile","desktop"],"size":2118},"media/panorama_407FE2E8_4D39_741D_41B2_FCDF6042BAD4_0/d/0/1_3.webp":{"tags":["mobile","desktop"],"size":4052},"lib/draco/draco_decoder.js":{"size":512465},"media/panorama_434A5970_4D39_340D_41AB_0994DDE984F4_0/u/0/0_1.webp":{"tags":["mobile","desktop"],"size":1398},"media/panorama_407FE2E8_4D39_741D_41B2_FCDF6042BAD4_0/l/0/1_2.webp":{"tags":["mobile","desktop"],"size":2220},"media/panorama_407FE2E8_4D39_741D_41B2_FCDF6042BAD4_hd_t.jpg":{"size":51093},"media/panorama_407FE2E8_4D39_741D_41B2_FCDF6042BAD4_0/b/0/2_2.webp":{"tags":["mobile","desktop"],"size":10504},"media/panorama_407F8EE4_4D39_4C15_41CF_296F297B32E6_0/b/0/2_1.webp":{"tags":["mobile","desktop"],"size":16730},"media/panorama_406B0668_4D39_5C1D_41BB_704D9F23A200_0/l/0/2_2.webp":{"tags":["mobile","desktop"],"size":1168},"media/panorama_434A5970_4D39_340D_41AB_0994DDE984F4_0/d/0/2_1.webp":{"tags":["mobile","desktop"],"size":2534},"media/panorama_434A5970_4D39_340D_41AB_0994DDE984F4_0/d/0/1_3.webp":{"tags":["mobile","desktop"],"size":2828},"media/panorama_407F8EE4_4D39_4C15_41CF_296F297B32E6_0/d/0/1_3.webp":{"tags":["mobile","desktop"],"size":7110},"media/panorama_407FE2E8_4D39_741D_41B2_FCDF6042BAD4_0/d/1/1_1.webp":{"tags":["mobile","desktop"],"size":6216},"media/panorama_407FE2E8_4D39_741D_41B2_FCDF6042BAD4_0/f/1/1_1.webp":{"tags":["mobile","desktop"],"size":6186},"locale/en.txt":{"size":427},"media/panorama_434A5970_4D39_340D_41AB_0994DDE984F4_0/f/0/1_0.webp":{"tags":["mobile","desktop"],"size":2342},"media/panorama_434A5970_4D39_340D_41AB_0994DDE984F4_0/r/0/2_0.webp":{"tags":["mobile","desktop"],"size":1390},"media/panorama_407F8EE4_4D39_4C15_41CF_296F297B32E6_0/f/0/0_0.webp":{"tags":["mobile","desktop"],"size":3408},"media/panorama_407FE2E8_4D39_741D_41B2_FCDF6042BAD4_0/b/1/1_1.webp":{"tags":["mobile","desktop"],"size":6608},"media/panorama_407F8EE4_4D39_4C15_41CF_296F297B32E6_0/l/0/2_3.webp":{"tags":["mobile","desktop"],"size":11994},"media/panorama_406B0668_4D39_5C1D_41BB_704D9F23A200_0/b/0/0_2.webp":{"tags":["mobile","desktop"],"size":3594},"media/panorama_434A5970_4D39_340D_41AB_0994DDE984F4_0/r/0/1_2.webp":{"tags":["mobile","desktop"],"size":9410},"lib/webxr-input-profiles/generic-trigger/left.glb":{"size":1391416},"media/panorama_407FE2E8_4D39_741D_41B2_FCDF6042BAD4_0/d/0/3_0.webp":{"tags":["mobile","desktop"],"size":4112},"media/panorama_407F8EE4_4D39_4C15_41CF_296F297B32E6_0/b/1/1_0.webp":{"tags":["mobile","desktop"],"size":17774},"media/panorama_407FE2E8_4D39_741D_41B2_FCDF6042BAD4_0/d/0/2_2.webp":{"tags":["mobile","desktop"],"size":4922},"media/panorama_406B0668_4D39_5C1D_41BB_704D9F23A200_0/f/0/3_1.webp":{"tags":["mobile","desktop"],"size":1436},"media/panorama_434A5970_4D39_340D_41AB_0994DDE984F4_0/d/0/3_1.webp":{"tags":["mobile","desktop"],"size":2232},"media/panorama_434A5970_4D39_340D_41AB_0994DDE984F4_t.webp":{"size":5982},"media/panorama_406B0668_4D39_5C1D_41BB_704D9F23A200_0/l/0/3_1.webp":{"tags":["mobile","desktop"],"size":1178},"media/panorama_407FE2E8_4D39_741D_41B2_FCDF6042BAD4_0/b/0/0_0.webp":{"tags":["mobile","desktop"],"size":2656},"media/panorama_406B0668_4D39_5C1D_41BB_704D9F23A200_0/b/0/2_2.webp":{"tags":["mobile","desktop"],"size":7070}}