<?xml version="1.0" ?>
<manifest identifier="com.scorm.manifesttemplates.scorm12" version="1"
          xmlns="http://www.imsproject.org/xsd/imscp_rootv1p1p2"
          xmlns:adlcp="http://www.adlnet.org/xsd/adlcp_rootv1p2"
          xmlns:xsi="http://www.w3.org/2001/XMLSchema-instance"
          xsi:schemaLocation="http://www.imsproject.org/xsd/imscp_rootv1p1p2 imscp_rootv1p1p2.xsd
                           http://www.imsglobal.org/xsd/imsmd_rootv1p2p1 imsmd_rootv1p2p1.xsd
                           http://www.adlnet.org/xsd/adlcp_rootv1p2 adlcp_rootv1p2.xsd">
    <metadata>
        <schema>ADL SCORM</schema>
        <schemaversion>1.2</schemaversion>
    </metadata>
    <organizations default="tdv">
        <organization identifier="tdv">
            <title>rental 1</title>
            <item identifier="i1" identifierref="r1" isvisible="true">
                <title>rental 1</title>
            </item>
        </organization>
    </organizations>
    <resources>
        <resource identifier="r1" type="webcontent" adlcp:scormtype="sco" href="index.htm">
<file href="thumbnail.png"/>
<file href="media/panorama_407F8EE4_4D39_4C15_41CF_296F297B32E6_t.webp"/>
<file href="media/res_58B3783F_4D3B_7473_41D0_E330A44CA4E1_0.webp"/>
<file href="lib/cursors/FS.cur"/>
<file href="misc/icon32.png"/>
<file href="index.htm"/>
<file href="lib/cursors/NE.cur"/>
<file href="lib/basis/basis_transcoder.js"/>
<file href="lib/tdvgsworker1.js"/>
<file href="media/panorama_406B0668_4D39_5C1D_41BB_704D9F23A200_t.webp"/>
<file href="lib/WebVRPolyfill.js"/>
<file href="script.js"/>
<file href="media/panorama_406B0668_4D39_5C1D_41BB_704D9F23A200_hd_t.jpg"/>
<file href="lib/webxr-input-profiles/generic-button/right.glb"/>
<file href="media/panorama_407FE2E8_4D39_741D_41B2_FCDF6042BAD4_t.webp"/>
<file href="browserconfig.xml"/>
<file href="lib/webxr-input-profiles/generic-hand/profile.json"/>
<file href="lib/basis/basis_transcoder.wasm"/>
<file href="lib/webxr-input-profiles/generic-trigger/profile.json"/>
<file href="misc/icon64.png"/>
<file href="lib/cursors/FNW.cur"/>
<file href="lib/webxr-input-profiles/pico-4/profile.json"/>
<file href="lib/tdvgs.js"/>
<file href="lib/tdvgsworker0.js"/>
<file href="lib/cursors/E.cur"/>
<file href="lib/Hls.js"/>
<file href="lib/cursors/SW.cur"/>
<file href="lib/cursors/FSE.cur"/>
<file href="lib/webxr-input-profiles/htc-vive-focus-3/profile.json"/>
<file href="lib/webxr-input-profiles/meta-quest-touch-plus/profile.json"/>
<file href="lib/cursors/FW.cur"/>
<file href="lib/webxr-input-profiles/meta-quest-touch-plus/left.glb"/>
<file href="lib/.DS_Store"/>
<file href="lib/draco/draco_decoder.wasm"/>
<file href="lib/webxr-polyfill.js"/>
<file href="lib/cursors/grab.cur"/>
<file href="lib/webxr-input-profiles/generic-button/none.glb"/>
<file href="lib/webxr-input-profiles/oculus-touch-v3/profile.json"/>
<file href="lib/cursors/FNE.cur"/>
<file href="lib/draco/draco_wasm_wrapper.js"/>
<file href="lib/tdvplayer.js"/>
<file href="lib/cursors/S.cur"/>
<file href="lib/webxr-input-profiles/htc-vive-focus-3/right.glb"/>
<file href="lib/webxr-input-profiles/oculus-touch-v3/left.glb"/>
<file href="lib/webxr-input-profiles/pico-4/right.glb"/>
<file href="lib/draco/draco_decoder.js"/>
<file href="lib/webxr-input-profiles/generic-trigger/none.glb"/>
<file href="lib/webxr-input-profiles/oculus-touch-v3/right.glb"/>
<file href="media/panorama_407FE2E8_4D39_741D_41B2_FCDF6042BAD4_hd_t.jpg"/>
<file href="manifest.json"/>
<file href="lib/tdvplayer.json"/>
<file href="lib/webxr-input-profiles/generic-button/profile.json"/>
<file href="lib/cursors/grabbing.cur"/>
<file href="lib/cursors/FN.cur"/>
<file href="misc/icon150.png"/>
<file href="lib/webxr-input-profiles/generic-hand/left.glb"/>
<file href="favicon.ico"/>
<file href="misc/icon16.png"/>
<file href="lib/webxr-input-profiles/meta-quest-touch-plus/right.glb"/>
<file href="lib/webxr-input-profiles/generic-trigger/left.glb"/>
<file href="lib/webxr-input-profiles/generic-hand/right.glb"/>
<file href="locale/en.txt"/>
<file href="lib/webxr-input-profiles/generic-button/left.glb"/>
<file href="lib/cursors/NW.cur"/>
<file href="lib/cursors/FE.cur"/>
<file href="lib/webxr-input-profiles/htc-vive-focus-3/left.glb"/>
<file href="lib/cursors/N.cur"/>
<file href="lib/webxr-input-profiles/generic-trigger/right.glb"/>
<file href="media/panorama_434A5970_4D39_340D_41AB_0994DDE984F4_t.webp"/>
<file href="script_general.js"/>
<file href="lib/cursors/SE.cur"/>
<file href="lib/webxr-input-profiles/pico-4/left.glb"/>
<file href="media/panorama_434A5970_4D39_340D_41AB_0994DDE984F4_hd_t.jpg"/>
<file href="lib/cursors/W.cur"/>
<file href="lib/cursors/FSW.cur"/>
<file href="lib/webxr-input-profiles/profilesList.json"/>
<file href="scorm.js"/>
<file href="media/panorama_407F8EE4_4D39_4C15_41CF_296F297B32E6_hd_t.jpg"/>
<file href="media/panorama_434A5970_4D39_340D_41AB_0994DDE984F4_0/r/2/0_0.webp"/>
<file href="media/panorama_434A5970_4D39_340D_41AB_0994DDE984F4_0/l/2/0_0.webp"/>
<file href="media/panorama_434A5970_4D39_340D_41AB_0994DDE984F4_0/u/2/0_0.webp"/>
<file href="media/panorama_434A5970_4D39_340D_41AB_0994DDE984F4_0/d/2/0_0.webp"/>
<file href="media/panorama_434A5970_4D39_340D_41AB_0994DDE984F4_0/f/2/0_0.webp"/>
<file href="media/panorama_434A5970_4D39_340D_41AB_0994DDE984F4_0/b/2/0_0.webp"/>
<file href="media/panorama_407FE2E8_4D39_741D_41B2_FCDF6042BAD4_0/r/2/0_0.webp"/>
<file href="media/panorama_407FE2E8_4D39_741D_41B2_FCDF6042BAD4_0/l/2/0_0.webp"/>
<file href="media/panorama_407FE2E8_4D39_741D_41B2_FCDF6042BAD4_0/u/2/0_0.webp"/>
<file href="media/panorama_407FE2E8_4D39_741D_41B2_FCDF6042BAD4_0/d/2/0_0.webp"/>
<file href="media/panorama_407FE2E8_4D39_741D_41B2_FCDF6042BAD4_0/f/2/0_0.webp"/>
<file href="media/panorama_407FE2E8_4D39_741D_41B2_FCDF6042BAD4_0/b/2/0_0.webp"/>
<file href="media/panorama_407FE2E8_4D39_741D_41B2_FCDF6042BAD4_0/r/0/2_1.webp"/>
<file href="media/panorama_407FE2E8_4D39_741D_41B2_FCDF6042BAD4_0/r/0/0_0.webp"/>
<file href="media/panorama_407FE2E8_4D39_741D_41B2_FCDF6042BAD4_0/r/0/0_1.webp"/>
<file href="media/panorama_407FE2E8_4D39_741D_41B2_FCDF6042BAD4_0/r/0/2_0.webp"/>
<file href="media/panorama_407FE2E8_4D39_741D_41B2_FCDF6042BAD4_0/r/0/3_3.webp"/>
<file href="media/panorama_407FE2E8_4D39_741D_41B2_FCDF6042BAD4_0/r/0/1_2.webp"/>
<file href="media/panorama_407FE2E8_4D39_741D_41B2_FCDF6042BAD4_0/r/0/1_3.webp"/>
<file href="media/panorama_407FE2E8_4D39_741D_41B2_FCDF6042BAD4_0/r/0/3_2.webp"/>
<file href="media/panorama_407FE2E8_4D39_741D_41B2_FCDF6042BAD4_0/r/0/1_0.webp"/>
<file href="media/panorama_407FE2E8_4D39_741D_41B2_FCDF6042BAD4_0/r/0/3_1.webp"/>
<file href="media/panorama_407FE2E8_4D39_741D_41B2_FCDF6042BAD4_0/r/0/3_0.webp"/>
<file href="media/panorama_407FE2E8_4D39_741D_41B2_FCDF6042BAD4_0/r/0/1_1.webp"/>
<file href="media/panorama_407FE2E8_4D39_741D_41B2_FCDF6042BAD4_0/r/0/0_2.webp"/>
<file href="media/panorama_407FE2E8_4D39_741D_41B2_FCDF6042BAD4_0/r/0/2_3.webp"/>
<file href="media/panorama_407FE2E8_4D39_741D_41B2_FCDF6042BAD4_0/r/0/2_2.webp"/>
<file href="media/panorama_407FE2E8_4D39_741D_41B2_FCDF6042BAD4_0/r/0/0_3.webp"/>
<file href="media/panorama_407FE2E8_4D39_741D_41B2_FCDF6042BAD4_0/l/0/2_1.webp"/>
<file href="media/panorama_407FE2E8_4D39_741D_41B2_FCDF6042BAD4_0/l/0/0_0.webp"/>
<file href="media/panorama_407FE2E8_4D39_741D_41B2_FCDF6042BAD4_0/l/0/0_1.webp"/>
<file href="media/panorama_407FE2E8_4D39_741D_41B2_FCDF6042BAD4_0/l/0/2_0.webp"/>
<file href="media/panorama_407FE2E8_4D39_741D_41B2_FCDF6042BAD4_0/l/0/3_3.webp"/>
<file href="media/panorama_407FE2E8_4D39_741D_41B2_FCDF6042BAD4_0/l/0/1_2.webp"/>
<file href="media/panorama_407FE2E8_4D39_741D_41B2_FCDF6042BAD4_0/l/0/1_3.webp"/>
<file href="media/panorama_407FE2E8_4D39_741D_41B2_FCDF6042BAD4_0/l/0/3_2.webp"/>
<file href="media/panorama_407FE2E8_4D39_741D_41B2_FCDF6042BAD4_0/l/0/1_0.webp"/>
<file href="media/panorama_407FE2E8_4D39_741D_41B2_FCDF6042BAD4_0/l/0/3_1.webp"/>
<file href="media/panorama_407FE2E8_4D39_741D_41B2_FCDF6042BAD4_0/l/0/3_0.webp"/>
<file href="media/panorama_407FE2E8_4D39_741D_41B2_FCDF6042BAD4_0/l/0/1_1.webp"/>
<file href="media/panorama_407FE2E8_4D39_741D_41B2_FCDF6042BAD4_0/l/0/0_2.webp"/>
<file href="media/panorama_407FE2E8_4D39_741D_41B2_FCDF6042BAD4_0/l/0/2_3.webp"/>
<file href="media/panorama_407FE2E8_4D39_741D_41B2_FCDF6042BAD4_0/l/0/2_2.webp"/>
<file href="media/panorama_407FE2E8_4D39_741D_41B2_FCDF6042BAD4_0/l/0/0_3.webp"/>
<file href="media/panorama_407FE2E8_4D39_741D_41B2_FCDF6042BAD4_0/u/0/2_1.webp"/>
<file href="media/panorama_407FE2E8_4D39_741D_41B2_FCDF6042BAD4_0/u/0/0_0.webp"/>
<file href="media/panorama_407FE2E8_4D39_741D_41B2_FCDF6042BAD4_0/u/0/0_1.webp"/>
<file href="media/panorama_407FE2E8_4D39_741D_41B2_FCDF6042BAD4_0/u/0/2_0.webp"/>
<file href="media/panorama_407FE2E8_4D39_741D_41B2_FCDF6042BAD4_0/u/0/3_3.webp"/>
<file href="media/panorama_407FE2E8_4D39_741D_41B2_FCDF6042BAD4_0/u/0/1_2.webp"/>
<file href="media/panorama_407FE2E8_4D39_741D_41B2_FCDF6042BAD4_0/u/0/1_3.webp"/>
<file href="media/panorama_407FE2E8_4D39_741D_41B2_FCDF6042BAD4_0/u/0/3_2.webp"/>
<file href="media/panorama_407FE2E8_4D39_741D_41B2_FCDF6042BAD4_0/u/0/1_0.webp"/>
<file href="media/panorama_407FE2E8_4D39_741D_41B2_FCDF6042BAD4_0/u/0/3_1.webp"/>
<file href="media/panorama_407FE2E8_4D39_741D_41B2_FCDF6042BAD4_0/u/0/3_0.webp"/>
<file href="media/panorama_407FE2E8_4D39_741D_41B2_FCDF6042BAD4_0/u/0/1_1.webp"/>
<file href="media/panorama_407FE2E8_4D39_741D_41B2_FCDF6042BAD4_0/u/0/0_2.webp"/>
<file href="media/panorama_407FE2E8_4D39_741D_41B2_FCDF6042BAD4_0/u/0/2_3.webp"/>
<file href="media/panorama_407FE2E8_4D39_741D_41B2_FCDF6042BAD4_0/u/0/2_2.webp"/>
<file href="media/panorama_407FE2E8_4D39_741D_41B2_FCDF6042BAD4_0/u/0/0_3.webp"/>
<file href="media/panorama_407FE2E8_4D39_741D_41B2_FCDF6042BAD4_0/d/0/2_1.webp"/>
<file href="media/panorama_407FE2E8_4D39_741D_41B2_FCDF6042BAD4_0/d/0/0_0.webp"/>
<file href="media/panorama_407FE2E8_4D39_741D_41B2_FCDF6042BAD4_0/d/0/0_1.webp"/>
<file href="media/panorama_407FE2E8_4D39_741D_41B2_FCDF6042BAD4_0/d/0/2_0.webp"/>
<file href="media/panorama_407FE2E8_4D39_741D_41B2_FCDF6042BAD4_0/d/0/3_3.webp"/>
<file href="media/panorama_407FE2E8_4D39_741D_41B2_FCDF6042BAD4_0/d/0/1_2.webp"/>
<file href="media/panorama_407FE2E8_4D39_741D_41B2_FCDF6042BAD4_0/d/0/1_3.webp"/>
<file href="media/panorama_407FE2E8_4D39_741D_41B2_FCDF6042BAD4_0/d/0/3_2.webp"/>
<file href="media/panorama_407FE2E8_4D39_741D_41B2_FCDF6042BAD4_0/d/0/1_0.webp"/>
<file href="media/panorama_407FE2E8_4D39_741D_41B2_FCDF6042BAD4_0/d/0/3_1.webp"/>
<file href="media/panorama_407FE2E8_4D39_741D_41B2_FCDF6042BAD4_0/d/0/3_0.webp"/>
<file href="media/panorama_407FE2E8_4D39_741D_41B2_FCDF6042BAD4_0/d/0/1_1.webp"/>
<file href="media/panorama_407FE2E8_4D39_741D_41B2_FCDF6042BAD4_0/d/0/0_2.webp"/>
<file href="media/panorama_407FE2E8_4D39_741D_41B2_FCDF6042BAD4_0/d/0/2_3.webp"/>
<file href="media/panorama_407FE2E8_4D39_741D_41B2_FCDF6042BAD4_0/d/0/2_2.webp"/>
<file href="media/panorama_407FE2E8_4D39_741D_41B2_FCDF6042BAD4_0/d/0/0_3.webp"/>
<file href="media/panorama_407FE2E8_4D39_741D_41B2_FCDF6042BAD4_0/f/0/2_1.webp"/>
<file href="media/panorama_407FE2E8_4D39_741D_41B2_FCDF6042BAD4_0/f/0/0_0.webp"/>
<file href="media/panorama_407FE2E8_4D39_741D_41B2_FCDF6042BAD4_0/f/0/0_1.webp"/>
<file href="media/panorama_407FE2E8_4D39_741D_41B2_FCDF6042BAD4_0/f/0/2_0.webp"/>
<file href="media/panorama_407FE2E8_4D39_741D_41B2_FCDF6042BAD4_0/f/0/3_3.webp"/>
<file href="media/panorama_407FE2E8_4D39_741D_41B2_FCDF6042BAD4_0/f/0/1_2.webp"/>
<file href="media/panorama_407FE2E8_4D39_741D_41B2_FCDF6042BAD4_0/f/0/1_3.webp"/>
<file href="media/panorama_407FE2E8_4D39_741D_41B2_FCDF6042BAD4_0/f/0/3_2.webp"/>
<file href="media/panorama_407FE2E8_4D39_741D_41B2_FCDF6042BAD4_0/f/0/1_0.webp"/>
<file href="media/panorama_407FE2E8_4D39_741D_41B2_FCDF6042BAD4_0/f/0/3_1.webp"/>
<file href="media/panorama_407FE2E8_4D39_741D_41B2_FCDF6042BAD4_0/f/0/3_0.webp"/>
<file href="media/panorama_407FE2E8_4D39_741D_41B2_FCDF6042BAD4_0/f/0/1_1.webp"/>
<file href="media/panorama_407FE2E8_4D39_741D_41B2_FCDF6042BAD4_0/f/0/0_2.webp"/>
<file href="media/panorama_407FE2E8_4D39_741D_41B2_FCDF6042BAD4_0/f/0/2_3.webp"/>
<file href="media/panorama_407FE2E8_4D39_741D_41B2_FCDF6042BAD4_0/f/0/2_2.webp"/>
<file href="media/panorama_407FE2E8_4D39_741D_41B2_FCDF6042BAD4_0/f/0/0_3.webp"/>
<file href="media/panorama_407FE2E8_4D39_741D_41B2_FCDF6042BAD4_0/b/0/2_1.webp"/>
<file href="media/panorama_407FE2E8_4D39_741D_41B2_FCDF6042BAD4_0/b/0/0_0.webp"/>
<file href="media/panorama_407FE2E8_4D39_741D_41B2_FCDF6042BAD4_0/b/0/0_1.webp"/>
<file href="media/panorama_407FE2E8_4D39_741D_41B2_FCDF6042BAD4_0/b/0/2_0.webp"/>
<file href="media/panorama_407FE2E8_4D39_741D_41B2_FCDF6042BAD4_0/b/0/3_3.webp"/>
<file href="media/panorama_407FE2E8_4D39_741D_41B2_FCDF6042BAD4_0/b/0/1_2.webp"/>
<file href="media/panorama_407FE2E8_4D39_741D_41B2_FCDF6042BAD4_0/b/0/1_3.webp"/>
<file href="media/panorama_407FE2E8_4D39_741D_41B2_FCDF6042BAD4_0/b/0/3_2.webp"/>
<file href="media/panorama_407FE2E8_4D39_741D_41B2_FCDF6042BAD4_0/b/0/1_0.webp"/>
<file href="media/panorama_407FE2E8_4D39_741D_41B2_FCDF6042BAD4_0/b/0/3_1.webp"/>
<file href="media/panorama_407FE2E8_4D39_741D_41B2_FCDF6042BAD4_0/b/0/3_0.webp"/>
<file href="media/panorama_407FE2E8_4D39_741D_41B2_FCDF6042BAD4_0/b/0/1_1.webp"/>
<file href="media/panorama_407FE2E8_4D39_741D_41B2_FCDF6042BAD4_0/b/0/0_2.webp"/>
<file href="media/panorama_407FE2E8_4D39_741D_41B2_FCDF6042BAD4_0/b/0/2_3.webp"/>
<file href="media/panorama_407FE2E8_4D39_741D_41B2_FCDF6042BAD4_0/b/0/2_2.webp"/>
<file href="media/panorama_407FE2E8_4D39_741D_41B2_FCDF6042BAD4_0/b/0/0_3.webp"/>
<file href="media/panorama_406B0668_4D39_5C1D_41BB_704D9F23A200_0/r/2/0_0.webp"/>
<file href="media/panorama_406B0668_4D39_5C1D_41BB_704D9F23A200_0/l/2/0_0.webp"/>
<file href="media/panorama_406B0668_4D39_5C1D_41BB_704D9F23A200_0/u/2/0_0.webp"/>
<file href="media/panorama_406B0668_4D39_5C1D_41BB_704D9F23A200_0/d/2/0_0.webp"/>
<file href="media/panorama_406B0668_4D39_5C1D_41BB_704D9F23A200_0/f/2/0_0.webp"/>
<file href="media/panorama_406B0668_4D39_5C1D_41BB_704D9F23A200_0/b/2/0_0.webp"/>
<file href="media/panorama_407F8EE4_4D39_4C15_41CF_296F297B32E6_0/r/0/2_1.webp"/>
<file href="media/panorama_407F8EE4_4D39_4C15_41CF_296F297B32E6_0/r/0/0_0.webp"/>
<file href="media/panorama_407F8EE4_4D39_4C15_41CF_296F297B32E6_0/r/0/0_1.webp"/>
<file href="media/panorama_407F8EE4_4D39_4C15_41CF_296F297B32E6_0/r/0/2_0.webp"/>
<file href="media/panorama_407F8EE4_4D39_4C15_41CF_296F297B32E6_0/r/0/3_3.webp"/>
<file href="media/panorama_407F8EE4_4D39_4C15_41CF_296F297B32E6_0/r/0/1_2.webp"/>
<file href="media/panorama_407F8EE4_4D39_4C15_41CF_296F297B32E6_0/r/0/1_3.webp"/>
<file href="media/panorama_407F8EE4_4D39_4C15_41CF_296F297B32E6_0/r/0/3_2.webp"/>
<file href="media/panorama_407F8EE4_4D39_4C15_41CF_296F297B32E6_0/r/0/1_0.webp"/>
<file href="media/panorama_407F8EE4_4D39_4C15_41CF_296F297B32E6_0/r/0/3_1.webp"/>
<file href="media/panorama_407F8EE4_4D39_4C15_41CF_296F297B32E6_0/r/0/3_0.webp"/>
<file href="media/panorama_407F8EE4_4D39_4C15_41CF_296F297B32E6_0/r/0/1_1.webp"/>
<file href="media/panorama_407F8EE4_4D39_4C15_41CF_296F297B32E6_0/r/0/0_2.webp"/>
<file href="media/panorama_407F8EE4_4D39_4C15_41CF_296F297B32E6_0/r/0/2_3.webp"/>
<file href="media/panorama_407F8EE4_4D39_4C15_41CF_296F297B32E6_0/r/0/2_2.webp"/>
<file href="media/panorama_407F8EE4_4D39_4C15_41CF_296F297B32E6_0/r/0/0_3.webp"/>
<file href="media/panorama_407F8EE4_4D39_4C15_41CF_296F297B32E6_0/l/0/2_1.webp"/>
<file href="media/panorama_407F8EE4_4D39_4C15_41CF_296F297B32E6_0/l/0/0_0.webp"/>
<file href="media/panorama_407F8EE4_4D39_4C15_41CF_296F297B32E6_0/l/0/0_1.webp"/>
<file href="media/panorama_407F8EE4_4D39_4C15_41CF_296F297B32E6_0/l/0/2_0.webp"/>
<file href="media/panorama_407F8EE4_4D39_4C15_41CF_296F297B32E6_0/l/0/3_3.webp"/>
<file href="media/panorama_407F8EE4_4D39_4C15_41CF_296F297B32E6_0/l/0/1_2.webp"/>
<file href="media/panorama_407F8EE4_4D39_4C15_41CF_296F297B32E6_0/l/0/1_3.webp"/>
<file href="media/panorama_407F8EE4_4D39_4C15_41CF_296F297B32E6_0/l/0/3_2.webp"/>
<file href="media/panorama_407F8EE4_4D39_4C15_41CF_296F297B32E6_0/l/0/1_0.webp"/>
<file href="media/panorama_407F8EE4_4D39_4C15_41CF_296F297B32E6_0/l/0/3_1.webp"/>
<file href="media/panorama_407F8EE4_4D39_4C15_41CF_296F297B32E6_0/l/0/3_0.webp"/>
<file href="media/panorama_407F8EE4_4D39_4C15_41CF_296F297B32E6_0/l/0/1_1.webp"/>
<file href="media/panorama_407F8EE4_4D39_4C15_41CF_296F297B32E6_0/l/0/0_2.webp"/>
<file href="media/panorama_407F8EE4_4D39_4C15_41CF_296F297B32E6_0/l/0/2_3.webp"/>
<file href="media/panorama_407F8EE4_4D39_4C15_41CF_296F297B32E6_0/l/0/2_2.webp"/>
<file href="media/panorama_407F8EE4_4D39_4C15_41CF_296F297B32E6_0/l/0/0_3.webp"/>
<file href="media/panorama_407F8EE4_4D39_4C15_41CF_296F297B32E6_0/u/0/2_1.webp"/>
<file href="media/panorama_407F8EE4_4D39_4C15_41CF_296F297B32E6_0/u/0/0_0.webp"/>
<file href="media/panorama_407F8EE4_4D39_4C15_41CF_296F297B32E6_0/u/0/0_1.webp"/>
<file href="media/panorama_407F8EE4_4D39_4C15_41CF_296F297B32E6_0/u/0/2_0.webp"/>
<file href="media/panorama_407F8EE4_4D39_4C15_41CF_296F297B32E6_0/u/0/3_3.webp"/>
<file href="media/panorama_407F8EE4_4D39_4C15_41CF_296F297B32E6_0/u/0/1_2.webp"/>
<file href="media/panorama_407F8EE4_4D39_4C15_41CF_296F297B32E6_0/u/0/1_3.webp"/>
<file href="media/panorama_407F8EE4_4D39_4C15_41CF_296F297B32E6_0/u/0/3_2.webp"/>
<file href="media/panorama_407F8EE4_4D39_4C15_41CF_296F297B32E6_0/u/0/1_0.webp"/>
<file href="media/panorama_407F8EE4_4D39_4C15_41CF_296F297B32E6_0/u/0/3_1.webp"/>
<file href="media/panorama_407F8EE4_4D39_4C15_41CF_296F297B32E6_0/u/0/3_0.webp"/>
<file href="media/panorama_407F8EE4_4D39_4C15_41CF_296F297B32E6_0/u/0/1_1.webp"/>
<file href="media/panorama_407F8EE4_4D39_4C15_41CF_296F297B32E6_0/u/0/0_2.webp"/>
<file href="media/panorama_407F8EE4_4D39_4C15_41CF_296F297B32E6_0/u/0/2_3.webp"/>
<file href="media/panorama_407F8EE4_4D39_4C15_41CF_296F297B32E6_0/u/0/2_2.webp"/>
<file href="media/panorama_407F8EE4_4D39_4C15_41CF_296F297B32E6_0/u/0/0_3.webp"/>
<file href="media/panorama_407F8EE4_4D39_4C15_41CF_296F297B32E6_0/d/0/2_1.webp"/>
<file href="media/panorama_407F8EE4_4D39_4C15_41CF_296F297B32E6_0/d/0/0_0.webp"/>
<file href="media/panorama_407F8EE4_4D39_4C15_41CF_296F297B32E6_0/d/0/0_1.webp"/>
<file href="media/panorama_407F8EE4_4D39_4C15_41CF_296F297B32E6_0/d/0/2_0.webp"/>
<file href="media/panorama_407F8EE4_4D39_4C15_41CF_296F297B32E6_0/d/0/3_3.webp"/>
<file href="media/panorama_407F8EE4_4D39_4C15_41CF_296F297B32E6_0/d/0/1_2.webp"/>
<file href="media/panorama_407F8EE4_4D39_4C15_41CF_296F297B32E6_0/d/0/1_3.webp"/>
<file href="media/panorama_407F8EE4_4D39_4C15_41CF_296F297B32E6_0/d/0/3_2.webp"/>
<file href="media/panorama_407F8EE4_4D39_4C15_41CF_296F297B32E6_0/d/0/1_0.webp"/>
<file href="media/panorama_407F8EE4_4D39_4C15_41CF_296F297B32E6_0/d/0/3_1.webp"/>
<file href="media/panorama_407F8EE4_4D39_4C15_41CF_296F297B32E6_0/d/0/3_0.webp"/>
<file href="media/panorama_407F8EE4_4D39_4C15_41CF_296F297B32E6_0/d/0/1_1.webp"/>
<file href="media/panorama_407F8EE4_4D39_4C15_41CF_296F297B32E6_0/d/0/0_2.webp"/>
<file href="media/panorama_407F8EE4_4D39_4C15_41CF_296F297B32E6_0/d/0/2_3.webp"/>
<file href="media/panorama_407F8EE4_4D39_4C15_41CF_296F297B32E6_0/d/0/2_2.webp"/>
<file href="media/panorama_407F8EE4_4D39_4C15_41CF_296F297B32E6_0/d/0/0_3.webp"/>
<file href="media/panorama_407F8EE4_4D39_4C15_41CF_296F297B32E6_0/f/0/2_1.webp"/>
<file href="media/panorama_407F8EE4_4D39_4C15_41CF_296F297B32E6_0/f/0/0_0.webp"/>
<file href="media/panorama_407F8EE4_4D39_4C15_41CF_296F297B32E6_0/f/0/0_1.webp"/>
<file href="media/panorama_407F8EE4_4D39_4C15_41CF_296F297B32E6_0/f/0/2_0.webp"/>
<file href="media/panorama_407F8EE4_4D39_4C15_41CF_296F297B32E6_0/f/0/3_3.webp"/>
<file href="media/panorama_407F8EE4_4D39_4C15_41CF_296F297B32E6_0/f/0/1_2.webp"/>
<file href="media/panorama_407F8EE4_4D39_4C15_41CF_296F297B32E6_0/f/0/1_3.webp"/>
<file href="media/panorama_407F8EE4_4D39_4C15_41CF_296F297B32E6_0/f/0/3_2.webp"/>
<file href="media/panorama_407F8EE4_4D39_4C15_41CF_296F297B32E6_0/f/0/1_0.webp"/>
<file href="media/panorama_407F8EE4_4D39_4C15_41CF_296F297B32E6_0/f/0/3_1.webp"/>
<file href="media/panorama_407F8EE4_4D39_4C15_41CF_296F297B32E6_0/f/0/3_0.webp"/>
<file href="media/panorama_407F8EE4_4D39_4C15_41CF_296F297B32E6_0/f/0/1_1.webp"/>
<file href="media/panorama_407F8EE4_4D39_4C15_41CF_296F297B32E6_0/f/0/0_2.webp"/>
<file href="media/panorama_407F8EE4_4D39_4C15_41CF_296F297B32E6_0/f/0/2_3.webp"/>
<file href="media/panorama_407F8EE4_4D39_4C15_41CF_296F297B32E6_0/f/0/2_2.webp"/>
<file href="media/panorama_407F8EE4_4D39_4C15_41CF_296F297B32E6_0/f/0/0_3.webp"/>
<file href="media/panorama_407F8EE4_4D39_4C15_41CF_296F297B32E6_0/b/0/2_1.webp"/>
<file href="media/panorama_407F8EE4_4D39_4C15_41CF_296F297B32E6_0/b/0/0_0.webp"/>
<file href="media/panorama_407F8EE4_4D39_4C15_41CF_296F297B32E6_0/b/0/0_1.webp"/>
<file href="media/panorama_407F8EE4_4D39_4C15_41CF_296F297B32E6_0/b/0/2_0.webp"/>
<file href="media/panorama_407F8EE4_4D39_4C15_41CF_296F297B32E6_0/b/0/3_3.webp"/>
<file href="media/panorama_407F8EE4_4D39_4C15_41CF_296F297B32E6_0/b/0/1_2.webp"/>
<file href="media/panorama_407F8EE4_4D39_4C15_41CF_296F297B32E6_0/b/0/1_3.webp"/>
<file href="media/panorama_407F8EE4_4D39_4C15_41CF_296F297B32E6_0/b/0/3_2.webp"/>
<file href="media/panorama_407F8EE4_4D39_4C15_41CF_296F297B32E6_0/b/0/1_0.webp"/>
<file href="media/panorama_407F8EE4_4D39_4C15_41CF_296F297B32E6_0/b/0/3_1.webp"/>
<file href="media/panorama_407F8EE4_4D39_4C15_41CF_296F297B32E6_0/b/0/3_0.webp"/>
<file href="media/panorama_407F8EE4_4D39_4C15_41CF_296F297B32E6_0/b/0/1_1.webp"/>
<file href="media/panorama_407F8EE4_4D39_4C15_41CF_296F297B32E6_0/b/0/0_2.webp"/>
<file href="media/panorama_407F8EE4_4D39_4C15_41CF_296F297B32E6_0/b/0/2_3.webp"/>
<file href="media/panorama_407F8EE4_4D39_4C15_41CF_296F297B32E6_0/b/0/2_2.webp"/>
<file href="media/panorama_407F8EE4_4D39_4C15_41CF_296F297B32E6_0/b/0/0_3.webp"/>
<file href="media/panorama_406B0668_4D39_5C1D_41BB_704D9F23A200_0/r/0/2_1.webp"/>
<file href="media/panorama_406B0668_4D39_5C1D_41BB_704D9F23A200_0/r/0/0_0.webp"/>
<file href="media/panorama_406B0668_4D39_5C1D_41BB_704D9F23A200_0/r/0/0_1.webp"/>
<file href="media/panorama_406B0668_4D39_5C1D_41BB_704D9F23A200_0/r/0/2_0.webp"/>
<file href="media/panorama_406B0668_4D39_5C1D_41BB_704D9F23A200_0/r/0/3_3.webp"/>
<file href="media/panorama_406B0668_4D39_5C1D_41BB_704D9F23A200_0/r/0/1_2.webp"/>
<file href="media/panorama_406B0668_4D39_5C1D_41BB_704D9F23A200_0/r/0/1_3.webp"/>
<file href="media/panorama_406B0668_4D39_5C1D_41BB_704D9F23A200_0/r/0/3_2.webp"/>
<file href="media/panorama_406B0668_4D39_5C1D_41BB_704D9F23A200_0/r/0/1_0.webp"/>
<file href="media/panorama_406B0668_4D39_5C1D_41BB_704D9F23A200_0/r/0/3_1.webp"/>
<file href="media/panorama_406B0668_4D39_5C1D_41BB_704D9F23A200_0/r/0/3_0.webp"/>
<file href="media/panorama_406B0668_4D39_5C1D_41BB_704D9F23A200_0/r/0/1_1.webp"/>
<file href="media/panorama_406B0668_4D39_5C1D_41BB_704D9F23A200_0/r/0/0_2.webp"/>
<file href="media/panorama_406B0668_4D39_5C1D_41BB_704D9F23A200_0/r/0/2_3.webp"/>
<file href="media/panorama_406B0668_4D39_5C1D_41BB_704D9F23A200_0/r/0/2_2.webp"/>
<file href="media/panorama_406B0668_4D39_5C1D_41BB_704D9F23A200_0/r/0/0_3.webp"/>
<file href="media/panorama_406B0668_4D39_5C1D_41BB_704D9F23A200_0/l/0/2_1.webp"/>
<file href="media/panorama_406B0668_4D39_5C1D_41BB_704D9F23A200_0/l/0/0_0.webp"/>
<file href="media/panorama_406B0668_4D39_5C1D_41BB_704D9F23A200_0/l/0/0_1.webp"/>
<file href="media/panorama_406B0668_4D39_5C1D_41BB_704D9F23A200_0/l/0/2_0.webp"/>
<file href="media/panorama_406B0668_4D39_5C1D_41BB_704D9F23A200_0/l/0/3_3.webp"/>
<file href="media/panorama_406B0668_4D39_5C1D_41BB_704D9F23A200_0/l/0/1_2.webp"/>
<file href="media/panorama_406B0668_4D39_5C1D_41BB_704D9F23A200_0/l/0/1_3.webp"/>
<file href="media/panorama_406B0668_4D39_5C1D_41BB_704D9F23A200_0/l/0/3_2.webp"/>
<file href="media/panorama_406B0668_4D39_5C1D_41BB_704D9F23A200_0/l/0/1_0.webp"/>
<file href="media/panorama_406B0668_4D39_5C1D_41BB_704D9F23A200_0/l/0/3_1.webp"/>
<file href="media/panorama_406B0668_4D39_5C1D_41BB_704D9F23A200_0/l/0/3_0.webp"/>
<file href="media/panorama_406B0668_4D39_5C1D_41BB_704D9F23A200_0/l/0/1_1.webp"/>
<file href="media/panorama_406B0668_4D39_5C1D_41BB_704D9F23A200_0/l/0/0_2.webp"/>
<file href="media/panorama_406B0668_4D39_5C1D_41BB_704D9F23A200_0/l/0/2_3.webp"/>
<file href="media/panorama_406B0668_4D39_5C1D_41BB_704D9F23A200_0/l/0/2_2.webp"/>
<file href="media/panorama_406B0668_4D39_5C1D_41BB_704D9F23A200_0/l/0/0_3.webp"/>
<file href="media/panorama_406B0668_4D39_5C1D_41BB_704D9F23A200_0/u/0/2_1.webp"/>
<file href="media/panorama_406B0668_4D39_5C1D_41BB_704D9F23A200_0/u/0/0_0.webp"/>
<file href="media/panorama_406B0668_4D39_5C1D_41BB_704D9F23A200_0/u/0/0_1.webp"/>
<file href="media/panorama_406B0668_4D39_5C1D_41BB_704D9F23A200_0/u/0/2_0.webp"/>
<file href="media/panorama_406B0668_4D39_5C1D_41BB_704D9F23A200_0/u/0/3_3.webp"/>
<file href="media/panorama_406B0668_4D39_5C1D_41BB_704D9F23A200_0/u/0/1_2.webp"/>
<file href="media/panorama_406B0668_4D39_5C1D_41BB_704D9F23A200_0/u/0/1_3.webp"/>
<file href="media/panorama_406B0668_4D39_5C1D_41BB_704D9F23A200_0/u/0/3_2.webp"/>
<file href="media/panorama_406B0668_4D39_5C1D_41BB_704D9F23A200_0/u/0/1_0.webp"/>
<file href="media/panorama_406B0668_4D39_5C1D_41BB_704D9F23A200_0/u/0/3_1.webp"/>
<file href="media/panorama_406B0668_4D39_5C1D_41BB_704D9F23A200_0/u/0/3_0.webp"/>
<file href="media/panorama_406B0668_4D39_5C1D_41BB_704D9F23A200_0/u/0/1_1.webp"/>
<file href="media/panorama_406B0668_4D39_5C1D_41BB_704D9F23A200_0/u/0/0_2.webp"/>
<file href="media/panorama_406B0668_4D39_5C1D_41BB_704D9F23A200_0/u/0/2_3.webp"/>
<file href="media/panorama_406B0668_4D39_5C1D_41BB_704D9F23A200_0/u/0/2_2.webp"/>
<file href="media/panorama_406B0668_4D39_5C1D_41BB_704D9F23A200_0/u/0/0_3.webp"/>
<file href="media/panorama_406B0668_4D39_5C1D_41BB_704D9F23A200_0/d/0/2_1.webp"/>
<file href="media/panorama_406B0668_4D39_5C1D_41BB_704D9F23A200_0/d/0/0_0.webp"/>
<file href="media/panorama_406B0668_4D39_5C1D_41BB_704D9F23A200_0/d/0/0_1.webp"/>
<file href="media/panorama_406B0668_4D39_5C1D_41BB_704D9F23A200_0/d/0/2_0.webp"/>
<file href="media/panorama_406B0668_4D39_5C1D_41BB_704D9F23A200_0/d/0/3_3.webp"/>
<file href="media/panorama_406B0668_4D39_5C1D_41BB_704D9F23A200_0/d/0/1_2.webp"/>
<file href="media/panorama_406B0668_4D39_5C1D_41BB_704D9F23A200_0/d/0/1_3.webp"/>
<file href="media/panorama_406B0668_4D39_5C1D_41BB_704D9F23A200_0/d/0/3_2.webp"/>
<file href="media/panorama_406B0668_4D39_5C1D_41BB_704D9F23A200_0/d/0/1_0.webp"/>
<file href="media/panorama_406B0668_4D39_5C1D_41BB_704D9F23A200_0/d/0/3_1.webp"/>
<file href="media/panorama_406B0668_4D39_5C1D_41BB_704D9F23A200_0/d/0/3_0.webp"/>
<file href="media/panorama_406B0668_4D39_5C1D_41BB_704D9F23A200_0/d/0/1_1.webp"/>
<file href="media/panorama_406B0668_4D39_5C1D_41BB_704D9F23A200_0/d/0/0_2.webp"/>
<file href="media/panorama_406B0668_4D39_5C1D_41BB_704D9F23A200_0/d/0/2_3.webp"/>
<file href="media/panorama_406B0668_4D39_5C1D_41BB_704D9F23A200_0/d/0/2_2.webp"/>
<file href="media/panorama_406B0668_4D39_5C1D_41BB_704D9F23A200_0/d/0/0_3.webp"/>
<file href="media/panorama_406B0668_4D39_5C1D_41BB_704D9F23A200_0/f/0/2_1.webp"/>
<file href="media/panorama_406B0668_4D39_5C1D_41BB_704D9F23A200_0/f/0/0_0.webp"/>
<file href="media/panorama_406B0668_4D39_5C1D_41BB_704D9F23A200_0/f/0/0_1.webp"/>
<file href="media/panorama_406B0668_4D39_5C1D_41BB_704D9F23A200_0/f/0/2_0.webp"/>
<file href="media/panorama_406B0668_4D39_5C1D_41BB_704D9F23A200_0/f/0/3_3.webp"/>
<file href="media/panorama_406B0668_4D39_5C1D_41BB_704D9F23A200_0/f/0/1_2.webp"/>
<file href="media/panorama_406B0668_4D39_5C1D_41BB_704D9F23A200_0/f/0/1_3.webp"/>
<file href="media/panorama_406B0668_4D39_5C1D_41BB_704D9F23A200_0/f/0/3_2.webp"/>
<file href="media/panorama_406B0668_4D39_5C1D_41BB_704D9F23A200_0/f/0/1_0.webp"/>
<file href="media/panorama_406B0668_4D39_5C1D_41BB_704D9F23A200_0/f/0/3_1.webp"/>
<file href="media/panorama_406B0668_4D39_5C1D_41BB_704D9F23A200_0/f/0/3_0.webp"/>
<file href="media/panorama_406B0668_4D39_5C1D_41BB_704D9F23A200_0/f/0/1_1.webp"/>
<file href="media/panorama_406B0668_4D39_5C1D_41BB_704D9F23A200_0/f/0/0_2.webp"/>
<file href="media/panorama_406B0668_4D39_5C1D_41BB_704D9F23A200_0/f/0/2_3.webp"/>
<file href="media/panorama_406B0668_4D39_5C1D_41BB_704D9F23A200_0/f/0/2_2.webp"/>
<file href="media/panorama_406B0668_4D39_5C1D_41BB_704D9F23A200_0/f/0/0_3.webp"/>
<file href="media/panorama_406B0668_4D39_5C1D_41BB_704D9F23A200_0/b/0/2_1.webp"/>
<file href="media/panorama_406B0668_4D39_5C1D_41BB_704D9F23A200_0/b/0/0_0.webp"/>
<file href="media/panorama_406B0668_4D39_5C1D_41BB_704D9F23A200_0/b/0/0_1.webp"/>
<file href="media/panorama_406B0668_4D39_5C1D_41BB_704D9F23A200_0/b/0/2_0.webp"/>
<file href="media/panorama_406B0668_4D39_5C1D_41BB_704D9F23A200_0/b/0/3_3.webp"/>
<file href="media/panorama_406B0668_4D39_5C1D_41BB_704D9F23A200_0/b/0/1_2.webp"/>
<file href="media/panorama_406B0668_4D39_5C1D_41BB_704D9F23A200_0/b/0/1_3.webp"/>
<file href="media/panorama_406B0668_4D39_5C1D_41BB_704D9F23A200_0/b/0/3_2.webp"/>
<file href="media/panorama_406B0668_4D39_5C1D_41BB_704D9F23A200_0/b/0/1_0.webp"/>
<file href="media/panorama_406B0668_4D39_5C1D_41BB_704D9F23A200_0/b/0/3_1.webp"/>
<file href="media/panorama_406B0668_4D39_5C1D_41BB_704D9F23A200_0/b/0/3_0.webp"/>
<file href="media/panorama_406B0668_4D39_5C1D_41BB_704D9F23A200_0/b/0/1_1.webp"/>
<file href="media/panorama_406B0668_4D39_5C1D_41BB_704D9F23A200_0/b/0/0_2.webp"/>
<file href="media/panorama_406B0668_4D39_5C1D_41BB_704D9F23A200_0/b/0/2_3.webp"/>
<file href="media/panorama_406B0668_4D39_5C1D_41BB_704D9F23A200_0/b/0/2_2.webp"/>
<file href="media/panorama_406B0668_4D39_5C1D_41BB_704D9F23A200_0/b/0/0_3.webp"/>
<file href="media/panorama_434A5970_4D39_340D_41AB_0994DDE984F4_0/r/1/0_0.webp"/>
<file href="media/panorama_434A5970_4D39_340D_41AB_0994DDE984F4_0/r/1/0_1.webp"/>
<file href="media/panorama_434A5970_4D39_340D_41AB_0994DDE984F4_0/r/1/1_0.webp"/>
<file href="media/panorama_434A5970_4D39_340D_41AB_0994DDE984F4_0/r/1/1_1.webp"/>
<file href="media/panorama_434A5970_4D39_340D_41AB_0994DDE984F4_0/l/1/0_0.webp"/>
<file href="media/panorama_434A5970_4D39_340D_41AB_0994DDE984F4_0/l/1/0_1.webp"/>
<file href="media/panorama_434A5970_4D39_340D_41AB_0994DDE984F4_0/l/1/1_0.webp"/>
<file href="media/panorama_434A5970_4D39_340D_41AB_0994DDE984F4_0/l/1/1_1.webp"/>
<file href="media/panorama_434A5970_4D39_340D_41AB_0994DDE984F4_0/u/1/0_0.webp"/>
<file href="media/panorama_434A5970_4D39_340D_41AB_0994DDE984F4_0/u/1/0_1.webp"/>
<file href="media/panorama_434A5970_4D39_340D_41AB_0994DDE984F4_0/u/1/1_0.webp"/>
<file href="media/panorama_434A5970_4D39_340D_41AB_0994DDE984F4_0/u/1/1_1.webp"/>
<file href="media/panorama_434A5970_4D39_340D_41AB_0994DDE984F4_0/d/1/0_0.webp"/>
<file href="media/panorama_434A5970_4D39_340D_41AB_0994DDE984F4_0/d/1/0_1.webp"/>
<file href="media/panorama_434A5970_4D39_340D_41AB_0994DDE984F4_0/d/1/1_0.webp"/>
<file href="media/panorama_434A5970_4D39_340D_41AB_0994DDE984F4_0/d/1/1_1.webp"/>
<file href="media/panorama_434A5970_4D39_340D_41AB_0994DDE984F4_0/f/1/0_0.webp"/>
<file href="media/panorama_434A5970_4D39_340D_41AB_0994DDE984F4_0/f/1/0_1.webp"/>
<file href="media/panorama_434A5970_4D39_340D_41AB_0994DDE984F4_0/f/1/1_0.webp"/>
<file href="media/panorama_434A5970_4D39_340D_41AB_0994DDE984F4_0/f/1/1_1.webp"/>
<file href="media/panorama_434A5970_4D39_340D_41AB_0994DDE984F4_0/b/1/0_0.webp"/>
<file href="media/panorama_434A5970_4D39_340D_41AB_0994DDE984F4_0/b/1/0_1.webp"/>
<file href="media/panorama_434A5970_4D39_340D_41AB_0994DDE984F4_0/b/1/1_0.webp"/>
<file href="media/panorama_434A5970_4D39_340D_41AB_0994DDE984F4_0/b/1/1_1.webp"/>
<file href="media/panorama_407F8EE4_4D39_4C15_41CF_296F297B32E6_0/r/2/0_0.webp"/>
<file href="media/panorama_407F8EE4_4D39_4C15_41CF_296F297B32E6_0/l/2/0_0.webp"/>
<file href="media/panorama_407F8EE4_4D39_4C15_41CF_296F297B32E6_0/u/2/0_0.webp"/>
<file href="media/panorama_407F8EE4_4D39_4C15_41CF_296F297B32E6_0/d/2/0_0.webp"/>
<file href="media/panorama_407F8EE4_4D39_4C15_41CF_296F297B32E6_0/f/2/0_0.webp"/>
<file href="media/panorama_407F8EE4_4D39_4C15_41CF_296F297B32E6_0/b/2/0_0.webp"/>
<file href="media/panorama_407FE2E8_4D39_741D_41B2_FCDF6042BAD4_0/r/1/0_0.webp"/>
<file href="media/panorama_407FE2E8_4D39_741D_41B2_FCDF6042BAD4_0/r/1/0_1.webp"/>
<file href="media/panorama_407FE2E8_4D39_741D_41B2_FCDF6042BAD4_0/r/1/1_0.webp"/>
<file href="media/panorama_407FE2E8_4D39_741D_41B2_FCDF6042BAD4_0/r/1/1_1.webp"/>
<file href="media/panorama_407FE2E8_4D39_741D_41B2_FCDF6042BAD4_0/l/1/0_0.webp"/>
<file href="media/panorama_407FE2E8_4D39_741D_41B2_FCDF6042BAD4_0/l/1/0_1.webp"/>
<file href="media/panorama_407FE2E8_4D39_741D_41B2_FCDF6042BAD4_0/l/1/1_0.webp"/>
<file href="media/panorama_407FE2E8_4D39_741D_41B2_FCDF6042BAD4_0/l/1/1_1.webp"/>
<file href="media/panorama_407FE2E8_4D39_741D_41B2_FCDF6042BAD4_0/u/1/0_0.webp"/>
<file href="media/panorama_407FE2E8_4D39_741D_41B2_FCDF6042BAD4_0/u/1/0_1.webp"/>
<file href="media/panorama_407FE2E8_4D39_741D_41B2_FCDF6042BAD4_0/u/1/1_0.webp"/>
<file href="media/panorama_407FE2E8_4D39_741D_41B2_FCDF6042BAD4_0/u/1/1_1.webp"/>
<file href="media/panorama_407FE2E8_4D39_741D_41B2_FCDF6042BAD4_0/d/1/0_0.webp"/>
<file href="media/panorama_407FE2E8_4D39_741D_41B2_FCDF6042BAD4_0/d/1/0_1.webp"/>
<file href="media/panorama_407FE2E8_4D39_741D_41B2_FCDF6042BAD4_0/d/1/1_0.webp"/>
<file href="media/panorama_407FE2E8_4D39_741D_41B2_FCDF6042BAD4_0/d/1/1_1.webp"/>
<file href="media/panorama_407FE2E8_4D39_741D_41B2_FCDF6042BAD4_0/f/1/0_0.webp"/>
<file href="media/panorama_407FE2E8_4D39_741D_41B2_FCDF6042BAD4_0/f/1/0_1.webp"/>
<file href="media/panorama_407FE2E8_4D39_741D_41B2_FCDF6042BAD4_0/f/1/1_0.webp"/>
<file href="media/panorama_407FE2E8_4D39_741D_41B2_FCDF6042BAD4_0/f/1/1_1.webp"/>
<file href="media/panorama_407FE2E8_4D39_741D_41B2_FCDF6042BAD4_0/b/1/0_0.webp"/>
<file href="media/panorama_407FE2E8_4D39_741D_41B2_FCDF6042BAD4_0/b/1/0_1.webp"/>
<file href="media/panorama_407FE2E8_4D39_741D_41B2_FCDF6042BAD4_0/b/1/1_0.webp"/>
<file href="media/panorama_407FE2E8_4D39_741D_41B2_FCDF6042BAD4_0/b/1/1_1.webp"/>
<file href="media/panorama_434A5970_4D39_340D_41AB_0994DDE984F4_0/r/0/2_1.webp"/>
<file href="media/panorama_434A5970_4D39_340D_41AB_0994DDE984F4_0/r/0/0_0.webp"/>
<file href="media/panorama_434A5970_4D39_340D_41AB_0994DDE984F4_0/r/0/0_1.webp"/>
<file href="media/panorama_434A5970_4D39_340D_41AB_0994DDE984F4_0/r/0/2_0.webp"/>
<file href="media/panorama_434A5970_4D39_340D_41AB_0994DDE984F4_0/r/0/3_3.webp"/>
<file href="media/panorama_434A5970_4D39_340D_41AB_0994DDE984F4_0/r/0/1_2.webp"/>
<file href="media/panorama_434A5970_4D39_340D_41AB_0994DDE984F4_0/r/0/1_3.webp"/>
<file href="media/panorama_434A5970_4D39_340D_41AB_0994DDE984F4_0/r/0/3_2.webp"/>
<file href="media/panorama_434A5970_4D39_340D_41AB_0994DDE984F4_0/r/0/1_0.webp"/>
<file href="media/panorama_434A5970_4D39_340D_41AB_0994DDE984F4_0/r/0/3_1.webp"/>
<file href="media/panorama_434A5970_4D39_340D_41AB_0994DDE984F4_0/r/0/3_0.webp"/>
<file href="media/panorama_434A5970_4D39_340D_41AB_0994DDE984F4_0/r/0/1_1.webp"/>
<file href="media/panorama_434A5970_4D39_340D_41AB_0994DDE984F4_0/r/0/0_2.webp"/>
<file href="media/panorama_434A5970_4D39_340D_41AB_0994DDE984F4_0/r/0/2_3.webp"/>
<file href="media/panorama_434A5970_4D39_340D_41AB_0994DDE984F4_0/r/0/2_2.webp"/>
<file href="media/panorama_434A5970_4D39_340D_41AB_0994DDE984F4_0/r/0/0_3.webp"/>
<file href="media/panorama_434A5970_4D39_340D_41AB_0994DDE984F4_0/l/0/2_1.webp"/>
<file href="media/panorama_434A5970_4D39_340D_41AB_0994DDE984F4_0/l/0/0_0.webp"/>
<file href="media/panorama_434A5970_4D39_340D_41AB_0994DDE984F4_0/l/0/0_1.webp"/>
<file href="media/panorama_434A5970_4D39_340D_41AB_0994DDE984F4_0/l/0/2_0.webp"/>
<file href="media/panorama_434A5970_4D39_340D_41AB_0994DDE984F4_0/l/0/3_3.webp"/>
<file href="media/panorama_434A5970_4D39_340D_41AB_0994DDE984F4_0/l/0/1_2.webp"/>
<file href="media/panorama_434A5970_4D39_340D_41AB_0994DDE984F4_0/l/0/1_3.webp"/>
<file href="media/panorama_434A5970_4D39_340D_41AB_0994DDE984F4_0/l/0/3_2.webp"/>
<file href="media/panorama_434A5970_4D39_340D_41AB_0994DDE984F4_0/l/0/1_0.webp"/>
<file href="media/panorama_434A5970_4D39_340D_41AB_0994DDE984F4_0/l/0/3_1.webp"/>
<file href="media/panorama_434A5970_4D39_340D_41AB_0994DDE984F4_0/l/0/3_0.webp"/>
<file href="media/panorama_434A5970_4D39_340D_41AB_0994DDE984F4_0/l/0/1_1.webp"/>
<file href="media/panorama_434A5970_4D39_340D_41AB_0994DDE984F4_0/l/0/0_2.webp"/>
<file href="media/panorama_434A5970_4D39_340D_41AB_0994DDE984F4_0/l/0/2_3.webp"/>
<file href="media/panorama_434A5970_4D39_340D_41AB_0994DDE984F4_0/l/0/2_2.webp"/>
<file href="media/panorama_434A5970_4D39_340D_41AB_0994DDE984F4_0/l/0/0_3.webp"/>
<file href="media/panorama_434A5970_4D39_340D_41AB_0994DDE984F4_0/u/0/2_1.webp"/>
<file href="media/panorama_434A5970_4D39_340D_41AB_0994DDE984F4_0/u/0/0_0.webp"/>
<file href="media/panorama_434A5970_4D39_340D_41AB_0994DDE984F4_0/u/0/0_1.webp"/>
<file href="media/panorama_434A5970_4D39_340D_41AB_0994DDE984F4_0/u/0/2_0.webp"/>
<file href="media/panorama_434A5970_4D39_340D_41AB_0994DDE984F4_0/u/0/3_3.webp"/>
<file href="media/panorama_434A5970_4D39_340D_41AB_0994DDE984F4_0/u/0/1_2.webp"/>
<file href="media/panorama_434A5970_4D39_340D_41AB_0994DDE984F4_0/u/0/1_3.webp"/>
<file href="media/panorama_434A5970_4D39_340D_41AB_0994DDE984F4_0/u/0/3_2.webp"/>
<file href="media/panorama_434A5970_4D39_340D_41AB_0994DDE984F4_0/u/0/1_0.webp"/>
<file href="media/panorama_434A5970_4D39_340D_41AB_0994DDE984F4_0/u/0/3_1.webp"/>
<file href="media/panorama_434A5970_4D39_340D_41AB_0994DDE984F4_0/u/0/3_0.webp"/>
<file href="media/panorama_434A5970_4D39_340D_41AB_0994DDE984F4_0/u/0/1_1.webp"/>
<file href="media/panorama_434A5970_4D39_340D_41AB_0994DDE984F4_0/u/0/0_2.webp"/>
<file href="media/panorama_434A5970_4D39_340D_41AB_0994DDE984F4_0/u/0/2_3.webp"/>
<file href="media/panorama_434A5970_4D39_340D_41AB_0994DDE984F4_0/u/0/2_2.webp"/>
<file href="media/panorama_434A5970_4D39_340D_41AB_0994DDE984F4_0/u/0/0_3.webp"/>
<file href="media/panorama_434A5970_4D39_340D_41AB_0994DDE984F4_0/d/0/2_1.webp"/>
<file href="media/panorama_434A5970_4D39_340D_41AB_0994DDE984F4_0/d/0/0_0.webp"/>
<file href="media/panorama_434A5970_4D39_340D_41AB_0994DDE984F4_0/d/0/0_1.webp"/>
<file href="media/panorama_434A5970_4D39_340D_41AB_0994DDE984F4_0/d/0/2_0.webp"/>
<file href="media/panorama_434A5970_4D39_340D_41AB_0994DDE984F4_0/d/0/3_3.webp"/>
<file href="media/panorama_434A5970_4D39_340D_41AB_0994DDE984F4_0/d/0/1_2.webp"/>
<file href="media/panorama_434A5970_4D39_340D_41AB_0994DDE984F4_0/d/0/1_3.webp"/>
<file href="media/panorama_434A5970_4D39_340D_41AB_0994DDE984F4_0/d/0/3_2.webp"/>
<file href="media/panorama_434A5970_4D39_340D_41AB_0994DDE984F4_0/d/0/1_0.webp"/>
<file href="media/panorama_434A5970_4D39_340D_41AB_0994DDE984F4_0/d/0/3_1.webp"/>
<file href="media/panorama_434A5970_4D39_340D_41AB_0994DDE984F4_0/d/0/3_0.webp"/>
<file href="media/panorama_434A5970_4D39_340D_41AB_0994DDE984F4_0/d/0/1_1.webp"/>
<file href="media/panorama_434A5970_4D39_340D_41AB_0994DDE984F4_0/d/0/0_2.webp"/>
<file href="media/panorama_434A5970_4D39_340D_41AB_0994DDE984F4_0/d/0/2_3.webp"/>
<file href="media/panorama_434A5970_4D39_340D_41AB_0994DDE984F4_0/d/0/2_2.webp"/>
<file href="media/panorama_434A5970_4D39_340D_41AB_0994DDE984F4_0/d/0/0_3.webp"/>
<file href="media/panorama_434A5970_4D39_340D_41AB_0994DDE984F4_0/f/0/2_1.webp"/>
<file href="media/panorama_434A5970_4D39_340D_41AB_0994DDE984F4_0/f/0/0_0.webp"/>
<file href="media/panorama_434A5970_4D39_340D_41AB_0994DDE984F4_0/f/0/0_1.webp"/>
<file href="media/panorama_434A5970_4D39_340D_41AB_0994DDE984F4_0/f/0/2_0.webp"/>
<file href="media/panorama_434A5970_4D39_340D_41AB_0994DDE984F4_0/f/0/3_3.webp"/>
<file href="media/panorama_434A5970_4D39_340D_41AB_0994DDE984F4_0/f/0/1_2.webp"/>
<file href="media/panorama_434A5970_4D39_340D_41AB_0994DDE984F4_0/f/0/1_3.webp"/>
<file href="media/panorama_434A5970_4D39_340D_41AB_0994DDE984F4_0/f/0/3_2.webp"/>
<file href="media/panorama_434A5970_4D39_340D_41AB_0994DDE984F4_0/f/0/1_0.webp"/>
<file href="media/panorama_434A5970_4D39_340D_41AB_0994DDE984F4_0/f/0/3_1.webp"/>
<file href="media/panorama_434A5970_4D39_340D_41AB_0994DDE984F4_0/f/0/3_0.webp"/>
<file href="media/panorama_434A5970_4D39_340D_41AB_0994DDE984F4_0/f/0/1_1.webp"/>
<file href="media/panorama_434A5970_4D39_340D_41AB_0994DDE984F4_0/f/0/0_2.webp"/>
<file href="media/panorama_434A5970_4D39_340D_41AB_0994DDE984F4_0/f/0/2_3.webp"/>
<file href="media/panorama_434A5970_4D39_340D_41AB_0994DDE984F4_0/f/0/2_2.webp"/>
<file href="media/panorama_434A5970_4D39_340D_41AB_0994DDE984F4_0/f/0/0_3.webp"/>
<file href="media/panorama_434A5970_4D39_340D_41AB_0994DDE984F4_0/b/0/2_1.webp"/>
<file href="media/panorama_434A5970_4D39_340D_41AB_0994DDE984F4_0/b/0/0_0.webp"/>
<file href="media/panorama_434A5970_4D39_340D_41AB_0994DDE984F4_0/b/0/0_1.webp"/>
<file href="media/panorama_434A5970_4D39_340D_41AB_0994DDE984F4_0/b/0/2_0.webp"/>
<file href="media/panorama_434A5970_4D39_340D_41AB_0994DDE984F4_0/b/0/3_3.webp"/>
<file href="media/panorama_434A5970_4D39_340D_41AB_0994DDE984F4_0/b/0/1_2.webp"/>
<file href="media/panorama_434A5970_4D39_340D_41AB_0994DDE984F4_0/b/0/1_3.webp"/>
<file href="media/panorama_434A5970_4D39_340D_41AB_0994DDE984F4_0/b/0/3_2.webp"/>
<file href="media/panorama_434A5970_4D39_340D_41AB_0994DDE984F4_0/b/0/1_0.webp"/>
<file href="media/panorama_434A5970_4D39_340D_41AB_0994DDE984F4_0/b/0/3_1.webp"/>
<file href="media/panorama_434A5970_4D39_340D_41AB_0994DDE984F4_0/b/0/3_0.webp"/>
<file href="media/panorama_434A5970_4D39_340D_41AB_0994DDE984F4_0/b/0/1_1.webp"/>
<file href="media/panorama_434A5970_4D39_340D_41AB_0994DDE984F4_0/b/0/0_2.webp"/>
<file href="media/panorama_434A5970_4D39_340D_41AB_0994DDE984F4_0/b/0/2_3.webp"/>
<file href="media/panorama_434A5970_4D39_340D_41AB_0994DDE984F4_0/b/0/2_2.webp"/>
<file href="media/panorama_434A5970_4D39_340D_41AB_0994DDE984F4_0/b/0/0_3.webp"/>
<file href="media/panorama_407F8EE4_4D39_4C15_41CF_296F297B32E6_0/r/1/0_0.webp"/>
<file href="media/panorama_407F8EE4_4D39_4C15_41CF_296F297B32E6_0/r/1/0_1.webp"/>
<file href="media/panorama_407F8EE4_4D39_4C15_41CF_296F297B32E6_0/r/1/1_0.webp"/>
<file href="media/panorama_407F8EE4_4D39_4C15_41CF_296F297B32E6_0/r/1/1_1.webp"/>
<file href="media/panorama_407F8EE4_4D39_4C15_41CF_296F297B32E6_0/l/1/0_0.webp"/>
<file href="media/panorama_407F8EE4_4D39_4C15_41CF_296F297B32E6_0/l/1/0_1.webp"/>
<file href="media/panorama_407F8EE4_4D39_4C15_41CF_296F297B32E6_0/l/1/1_0.webp"/>
<file href="media/panorama_407F8EE4_4D39_4C15_41CF_296F297B32E6_0/l/1/1_1.webp"/>
<file href="media/panorama_407F8EE4_4D39_4C15_41CF_296F297B32E6_0/u/1/0_0.webp"/>
<file href="media/panorama_407F8EE4_4D39_4C15_41CF_296F297B32E6_0/u/1/0_1.webp"/>
<file href="media/panorama_407F8EE4_4D39_4C15_41CF_296F297B32E6_0/u/1/1_0.webp"/>
<file href="media/panorama_407F8EE4_4D39_4C15_41CF_296F297B32E6_0/u/1/1_1.webp"/>
<file href="media/panorama_407F8EE4_4D39_4C15_41CF_296F297B32E6_0/d/1/0_0.webp"/>
<file href="media/panorama_407F8EE4_4D39_4C15_41CF_296F297B32E6_0/d/1/0_1.webp"/>
<file href="media/panorama_407F8EE4_4D39_4C15_41CF_296F297B32E6_0/d/1/1_0.webp"/>
<file href="media/panorama_407F8EE4_4D39_4C15_41CF_296F297B32E6_0/d/1/1_1.webp"/>
<file href="media/panorama_407F8EE4_4D39_4C15_41CF_296F297B32E6_0/f/1/0_0.webp"/>
<file href="media/panorama_407F8EE4_4D39_4C15_41CF_296F297B32E6_0/f/1/0_1.webp"/>
<file href="media/panorama_407F8EE4_4D39_4C15_41CF_296F297B32E6_0/f/1/1_0.webp"/>
<file href="media/panorama_407F8EE4_4D39_4C15_41CF_296F297B32E6_0/f/1/1_1.webp"/>
<file href="media/panorama_407F8EE4_4D39_4C15_41CF_296F297B32E6_0/b/1/0_0.webp"/>
<file href="media/panorama_407F8EE4_4D39_4C15_41CF_296F297B32E6_0/b/1/0_1.webp"/>
<file href="media/panorama_407F8EE4_4D39_4C15_41CF_296F297B32E6_0/b/1/1_0.webp"/>
<file href="media/panorama_407F8EE4_4D39_4C15_41CF_296F297B32E6_0/b/1/1_1.webp"/>
<file href="media/panorama_406B0668_4D39_5C1D_41BB_704D9F23A200_0/r/1/0_0.webp"/>
<file href="media/panorama_406B0668_4D39_5C1D_41BB_704D9F23A200_0/r/1/0_1.webp"/>
<file href="media/panorama_406B0668_4D39_5C1D_41BB_704D9F23A200_0/r/1/1_0.webp"/>
<file href="media/panorama_406B0668_4D39_5C1D_41BB_704D9F23A200_0/r/1/1_1.webp"/>
<file href="media/panorama_406B0668_4D39_5C1D_41BB_704D9F23A200_0/l/1/0_0.webp"/>
<file href="media/panorama_406B0668_4D39_5C1D_41BB_704D9F23A200_0/l/1/0_1.webp"/>
<file href="media/panorama_406B0668_4D39_5C1D_41BB_704D9F23A200_0/l/1/1_0.webp"/>
<file href="media/panorama_406B0668_4D39_5C1D_41BB_704D9F23A200_0/l/1/1_1.webp"/>
<file href="media/panorama_406B0668_4D39_5C1D_41BB_704D9F23A200_0/u/1/0_0.webp"/>
<file href="media/panorama_406B0668_4D39_5C1D_41BB_704D9F23A200_0/u/1/0_1.webp"/>
<file href="media/panorama_406B0668_4D39_5C1D_41BB_704D9F23A200_0/u/1/1_0.webp"/>
<file href="media/panorama_406B0668_4D39_5C1D_41BB_704D9F23A200_0/u/1/1_1.webp"/>
<file href="media/panorama_406B0668_4D39_5C1D_41BB_704D9F23A200_0/d/1/0_0.webp"/>
<file href="media/panorama_406B0668_4D39_5C1D_41BB_704D9F23A200_0/d/1/0_1.webp"/>
<file href="media/panorama_406B0668_4D39_5C1D_41BB_704D9F23A200_0/d/1/1_0.webp"/>
<file href="media/panorama_406B0668_4D39_5C1D_41BB_704D9F23A200_0/d/1/1_1.webp"/>
<file href="media/panorama_406B0668_4D39_5C1D_41BB_704D9F23A200_0/f/1/0_0.webp"/>
<file href="media/panorama_406B0668_4D39_5C1D_41BB_704D9F23A200_0/f/1/0_1.webp"/>
<file href="media/panorama_406B0668_4D39_5C1D_41BB_704D9F23A200_0/f/1/1_0.webp"/>
<file href="media/panorama_406B0668_4D39_5C1D_41BB_704D9F23A200_0/f/1/1_1.webp"/>
<file href="media/panorama_406B0668_4D39_5C1D_41BB_704D9F23A200_0/b/1/0_0.webp"/>
<file href="media/panorama_406B0668_4D39_5C1D_41BB_704D9F23A200_0/b/1/0_1.webp"/>
<file href="media/panorama_406B0668_4D39_5C1D_41BB_704D9F23A200_0/b/1/1_0.webp"/>
<file href="media/panorama_406B0668_4D39_5C1D_41BB_704D9F23A200_0/b/1/1_1.webp"/>
        </resource>
    </resources>
</manifest>
