<?xml version="1.0" ?>
<manifest identifier="com.scorm.manifesttemplates.scorm12" version="1"
          xmlns="http://www.imsproject.org/xsd/imscp_rootv1p1p2"
          xmlns:adlcp="http://www.adlnet.org/xsd/adlcp_rootv1p2"
          xmlns:xsi="http://www.w3.org/2001/XMLSchema-instance"
          xsi:schemaLocation="http://www.imsproject.org/xsd/imscp_rootv1p1p2 imscp_rootv1p1p2.xsd
                           http://www.imsglobal.org/xsd/imsmd_rootv1p2p1 imsmd_rootv1p2p1.xsd
                           http://www.adlnet.org/xsd/adlcp_rootv1p2 adlcp_rootv1p2.xsd">
    <metadata>
        <schema>ADL SCORM</schema>
        <schemaversion>1.2</schemaversion>
    </metadata>
    <organizations default="tdv">
        <organization identifier="tdv">
            <title>CADENZA RESIDENCE</title>
            <item identifier="i1" identifierref="r1" isvisible="true">
                <title>CADENZA RESIDENCE</title>
            </item>
        </organization>
    </organizations>
    <resources>
        <resource identifier="r1" type="webcontent" adlcp:scormtype="sco" href="index.htm">
<file href="lib/webxr-input-profiles/generic-hand/right.glb"/>
<file href="lib/webxr-input-profiles/meta-quest-touch-plus/profile.json"/>
<file href="media/video_85588E39_8A92_6091_41E0_692365203C94_t.webp"/>
<file href="skin/IconButton_2F8A5686_0D4F_6B71_41A1_13CF877A165E.jpg"/>
<file href="skin/IconButton_EE9FBAB2_E389_8E06_41D7_903ABEDD153A_pressed.png"/>
<file href="skin/IconButton_2F8A5686_0D4F_6B71_41A1_13CF877A165E_rollover.jpg"/>
<file href="skin/IconButton_EED073D3_E38A_9E06_41E1_6CCC9722545D.png"/>
<file href="media/video_85588E39_8A92_6091_41E0_692365203C94_en_720_379k.m3u8"/>
<file href="skin/IconButton_2A19AC4C_0D3B_DFF0_4181_A2C230C2E510_pressed.png"/>
<file href="skin/IconButton_23F087B8_0C0A_629D_4194_6F34C6CBE1DA.jpg"/>
<file href="lib/Hls.js"/>
<file href="lib/webxr-input-profiles/generic-hand/profile.json"/>
<file href="skin/IconButton_1B9ADD00_16C4_0505_41B4_B043CA1AA270_rollover.png"/>
<file href="locale/en.txt"/>
<file href="skin/IconButton_EE5807F6_E3BE_860E_41E7_431DDDA54BAC_mobile_rollover.png"/>
<file href="lib/draco/draco_decoder.js"/>
<file href="script_general.js"/>
<file href="skin/IconButton_EED5213F_E3B9_7A7D_41D8_1B642C004521_mobile_rollover.png"/>
<file href="media/panorama_875552D0_8A76_21EF_41C0_4B9FAC0D7010_hd_t.jpg"/>
<file href="fonts/Bebas Neue Bold.eot"/>
<file href="skin/IconButton_EF7806FA_E38F_8606_41E5_5C4557EBCACB_rollover.png"/>
<file href="skin/IconButton_EF8F8BD8_E386_8E02_41D6_310FF1964329_mobile.png"/>
<file href="skin/IconButton_EEFF957A_E389_9A06_41E1_2AD21904F8C0_mobile_pressed.png"/>
<file href="lib/tdvplayer.json"/>
<file href="skin/IconButton_2A19CC4C_0D3B_DFF0_41AA_D2AC34177CF1_pressed.jpg"/>
<file href="fonts/Montserrat-Black.woff"/>
<file href="fonts/Montserrat.otf"/>
<file href="misc/icon192.png"/>
<file href="media/video_85588E39_8A92_6091_41E0_692365203C94_en_640_379k.m3u8"/>
<file href="lib/cursors/FSE.cur"/>
<file href="lib/cursors/SE.cur"/>
<file href="media/video_85588E39_8A92_6091_41E0_692365203C94_en.mp4"/>
<file href="lib/webxr-input-profiles/pico-4/profile.json"/>
<file href="skin/IconButton_EF8F8BD8_E386_8E02_41D6_310FF1964329_pressed.png"/>
<file href="script_mobile.js"/>
<file href="thumbnail.png"/>
<file href="media/panorama_867E792A_8A76_20B3_41D7_D9BD29C97E16_t.webp"/>
<file href="lib/tdvgsworker1.js"/>
<file href="lib/draco/draco_decoder.wasm"/>
<file href="skin/IconButton_23F037B7_0C0A_6293_41A2_C1707EE666E4.png"/>
<file href="skin/IconButton_1B9ADD00_16C4_0505_41B4_B043CA1AA270.png"/>
<file href="media/video_85588E39_8A92_6091_41E0_692365203C94_en.m3u8"/>
<file href="media/video_85588E39_8A92_6091_41E0_692365203C94_en_720_379k2.ts"/>
<file href="misc/icon16.png"/>
<file href="scorm.js"/>
<file href="skin/IconButton_EE9FBAB2_E389_8E06_41D7_903ABEDD153A.png"/>
<file href="lib/webxr-input-profiles/pico-4/left.glb"/>
<file href="skin/IconButton_EE5807F6_E3BE_860E_41E7_431DDDA54BAC.png"/>
<file href="media/video_85588E39_8A92_6091_41E0_692365203C94_en_640_379k3.ts"/>
<file href="lib/webxr-input-profiles/generic-hand/left.glb"/>
<file href="lib/webxr-input-profiles/oculus-touch-v3/right.glb"/>
<file href="lib/webxr-input-profiles/generic-button/none.glb"/>
<file href="skin/IconButton_EED5213F_E3B9_7A7D_41D8_1B642C004521.png"/>
<file href="misc/icon180.png"/>
<file href="skin/IconButton_EEFF957A_E389_9A06_41E1_2AD21904F8C0.png"/>
<file href="lib/webxr-input-profiles/profilesList.json"/>
<file href="skin/IconButton_EED073D3_E38A_9E06_41E1_6CCC9722545D_mobile.png"/>
<file href="misc/icon64.png"/>
<file href="skin/IconButton_EEEB3760_E38B_8603_41D6_FE6B11A3DA96_mobile_pressed.png"/>
<file href="fonts/Bebas Neue Bold.otf"/>
<file href="media/panorama_867F182C_8A76_E0B7_41DC_9A31F635DD2A_t.webp"/>
<file href="lib/webxr-input-profiles/oculus-touch-v3/profile.json"/>
<file href="media/panorama_8664546F_8A76_20B1_41B9_F010D9AFCBCC_hd_t.jpg"/>
<file href="media/video_85588E39_8A92_6091_41E0_692365203C94_poster_en.jpg"/>
<file href="skin/Image_9F684F61_8AFE_E0B1_41D9_AA436A668324_en.jpg"/>
<file href="lib/webxr-input-profiles/generic-trigger/profile.json"/>
<file href="skin/IconButton_EF8F8BD8_E386_8E02_41D6_310FF1964329.png"/>
<file href="skin/Container_1B9AAD00_16C4_0505_41B5_6F4AE0747E48.png"/>
<file href="fonts/BebasNeueBold.woff"/>
<file href="skin/IconButton_EEFF957A_E389_9A06_41E1_2AD21904F8C0_pressed.png"/>
<file href="skin/Image_0B48D65D_11C0_6E0F_41A2_4D6F373BABA0_mobile_en.jpeg"/>
<file href="media/panorama_867E0801_8A76_2071_41CC_9ED378D879DD_hd_t.jpg"/>
<file href="tdvplayersw.js"/>
<file href="skin/IconButton_EED073D3_E38A_9E06_41E1_6CCC9722545D_pressed.png"/>
<file href="skin/IconButton_221B2648_0C06_E5FD_41A6_F9E27CDB95AF_rollover.jpg"/>
<file href="skin/IconButton_23F087B8_0C0A_629D_4194_6F34C6CBE1DA_rollover.jpg"/>
<file href="lib/cursors/NE.cur"/>
<file href="lib/tdvplayer.js"/>
<file href="skin/IconButton_EED073D3_E38A_9E06_41E1_6CCC9722545D_mobile_pressed.png"/>
<file href="fonts/Montserrat-Bold.woff"/>
<file href="browserconfig.xml"/>
<file href="skin/IconButton_06C40BA5_1140_A63F_41AC_FA560325FD81.jpg"/>
<file href="skin/Image_9D66C1FD_8B27_5F2E_41E0_BFD807DC07DD_en.png"/>
<file href="fonts/Montserrat-Light.woff"/>
<file href="lib/cursors/FNW.cur"/>
<file href="lib/basis/basis_transcoder.wasm"/>
<file href="skin/IconButton_221B2648_0C06_E5FD_41A6_F9E27CDB95AF.jpg"/>
<file href="media/panorama_875552D0_8A76_21EF_41C0_4B9FAC0D7010_t.webp"/>
<file href="skin/IconButton_EED5213F_E3B9_7A7D_41D8_1B642C004521_mobile.png"/>
<file href="media/panorama_867E792A_8A76_20B3_41D7_D9BD29C97E16_hd_t.jpg"/>
<file href="lib/webxr-input-profiles/oculus-touch-v3/left.glb"/>
<file href="media/album_9C35D211_8BEE_DCF6_41D2_5A015131067C_0_t.webp"/>
<file href="fonts/Montserrat-Black.eot"/>
<file href="lib/cursors/FS.cur"/>
<file href="skin/IconButton_EEEB3760_E38B_8603_41D6_FE6B11A3DA96_mobile.png"/>
<file href="lib/webxr-polyfill.js"/>
<file href="media/video_85588E39_8A92_6091_41E0_692365203C94_en_640_379k2.ts"/>
<file href="skin/IconButton_06C40BA5_1140_A63F_41AC_FA560325FD81_rollover.jpg"/>
<file href="lib/tdvgs.js"/>
<file href="loading/HTMLImage_8592268C_8A92_E077_41E1_2D3CA8D97D28.png"/>
<file href="media/video_85588E39_8A92_6091_41E0_692365203C94_en_720_379k5.ts"/>
<file href="lib/cursors/FN.cur"/>
<file href="skin/IconButton_2A19CC4C_0D3B_DFF0_41AA_D2AC34177CF1.jpg"/>
<file href="fonts/BebasNeueBold.eot"/>
<file href="skin/IconButton_EED5213F_E3B9_7A7D_41D8_1B642C004521_rollover.png"/>
<file href="lib/.DS_Store"/>
<file href="fonts/Montserrat-Light.eot"/>
<file href="fonts/Montserrat-Bold.svg"/>
<file href="manifest.json"/>
<file href="media/panorama_867F182C_8A76_E0B7_41DC_9A31F635DD2A_hd_t.jpg"/>
<file href="fonts/Montserrat-Bold.eot"/>
<file href="lib/cursors/FW.cur"/>
<file href="skin/IconButton_23F7E7B7_0C0A_6293_419F_D3D84EB3AFBD_pressed.png"/>
<file href="fonts/Montserrat-Black.otf"/>
<file href="skin/IconButton_EF8F8BD8_E386_8E02_41D6_310FF1964329_mobile_pressed.png"/>
<file href="skin/IconButton_EE9FBAB2_E389_8E06_41D7_903ABEDD153A_mobile.png"/>
<file href="skin/Image_1B99DD00_16C4_0505_41B3_51F09727447A_mobile_en.png"/>
<file href="misc/icon32.png"/>
<file href="skin/IconButton_EF7806FA_E38F_8606_41E5_5C4557EBCACB.png"/>
<file href="lib/webxr-input-profiles/htc-vive-focus-3/left.glb"/>
<file href="favicon.ico"/>
<file href="fonts/Montserrat-Light.otf"/>
<file href="skin/IconButton_EEEB3760_E38B_8603_41D6_FE6B11A3DA96_pressed.png"/>
<file href="media/video_85588E39_8A92_6091_41E0_692365203C94_en_720_379k1.ts"/>
<file href="lib/draco/draco_wasm_wrapper.js"/>
<file href="fonts.css"/>
<file href="skin/Image_06C5BBA5_1140_A63F_41A7_E6D01D4CC397_en.png"/>
<file href="fonts/Montserrat-Regular.svg"/>
<file href="skin/IconButton_2A19CC4C_0D3B_DFF0_41AA_D2AC34177CF1_rollover.jpg"/>
<file href="skin/IconButton_EEEB3760_E38B_8603_41D6_FE6B11A3DA96.png"/>
<file href="media/res_98F938ED_8B2A_CD2E_41C4_4083FD8076CE_0.webp"/>
<file href="skin/IconButton_EE5807F6_E3BE_860E_41E7_431DDDA54BAC_mobile.png"/>
<file href="lib/webxr-input-profiles/meta-quest-touch-plus/left.glb"/>
<file href="skin/IconButton_23F037B7_0C0A_6293_41A2_C1707EE666E4_pressed.png"/>
<file href="fonts/Montserrat-Bold.ttf"/>
<file href="media/video_85588E39_8A92_6091_41E0_692365203C94_en_640_379k1.ts"/>
<file href="lib/tdvgsworker0.js"/>
<file href="lib/webxr-input-profiles/generic-button/left.glb"/>
<file href="media/album_9C35D211_8BEE_DCF6_41D2_5A015131067C_0.webp"/>
<file href="media/res_9F06B8F4_8B2A_CD3E_41C7_808E96B2929E_0.webp"/>
<file href="lib/WebVRPolyfill.js"/>
<file href="misc/icon150.png"/>
<file href="skin/IconButton_EEFF957A_E389_9A06_41E1_2AD21904F8C0_mobile.png"/>
<file href="fonts/BebasNeueBold.otf"/>
<file href="lib/cursors/FSW.cur"/>
<file href="media/panorama_867E0801_8A76_2071_41CC_9ED378D879DD_t.webp"/>
<file href="lib/webxr-input-profiles/generic-trigger/right.glb"/>
<file href="media/album_9C35D211_8BEE_DCF6_41D2_5A015131067C_t.png"/>
<file href="fonts/Montserrat-Regular.woff"/>
<file href="skin/IconButton_2F8A5686_0D4F_6B71_41A1_13CF877A165E_pressed.jpg"/>
<file href="skin/IconButton_2A19BC4C_0D3B_DFF0_419F_D0DCB12FF482_pressed.png"/>
<file href="lib/cursors/SW.cur"/>
<file href="skin/IconButton_23F087B8_0C0A_629D_4194_6F34C6CBE1DA_pressed.jpg"/>
<file href="lib/webxr-input-profiles/htc-vive-focus-3/profile.json"/>
<file href="skin/IconButton_23F7E7B7_0C0A_6293_419F_D3D84EB3AFBD.png"/>
<file href="fonts/Montserrat-Regular.eot"/>
<file href="lib/webxr-input-profiles/generic-button/right.glb"/>
<file href="lib/cursors/grabbing.cur"/>
<file href="media/video_85588E39_8A92_6091_41E0_692365203C94_en_720_379k0.ts"/>
<file href="lib/webxr-input-profiles/htc-vive-focus-3/right.glb"/>
<file href="media/video_85588E39_8A92_6091_41E0_692365203C94_en_720_379k4.ts"/>
<file href="skin/IconButton_23F037B7_0C0A_6293_41A2_C1707EE666E4_rollover.png"/>
<file href="skin/Image_06C5BBA5_1140_A63F_41A7_E6D01D4CC397_mobile_en.png"/>
<file href="media/video_85588E39_8A92_6091_41E0_692365203C94_en_640_379k5.ts"/>
<file href="lib/webxr-input-profiles/generic-button/profile.json"/>
<file href="lib/webxr-input-profiles/pico-4/right.glb"/>
<file href="fonts/Montserrat Bold.eot"/>
<file href="lib/webxr-input-profiles/generic-trigger/left.glb"/>
<file href="skin/IconButton_1B9ADD00_16C4_0505_41B4_B043CA1AA270_pressed.png"/>
<file href="lib/webxr-input-profiles/meta-quest-touch-plus/right.glb"/>
<file href="lib/cursors/S.cur"/>
<file href="skin/IconButton_2A19AC4C_0D3B_DFF0_4181_A2C230C2E510.png"/>
<file href="lib/cursors/E.cur"/>
<file href="skin/IconButton_2A19BC4C_0D3B_DFF0_419F_D0DCB12FF482.png"/>
<file href="skin/IconButton_EF7806FA_E38F_8606_41E5_5C4557EBCACB_mobile.png"/>
<file href="lib/basis/basis_transcoder.js"/>
<file href="index.htm"/>
<file href="lib/cursors/grab.cur"/>
<file href="lib/cursors/NW.cur"/>
<file href="lib/cursors/W.cur"/>
<file href="skin/Image_0B48D65D_11C0_6E0F_41A2_4D6F373BABA0_en.jpeg"/>
<file href="fonts/Montserrat-Regular.ttf"/>
<file href="skin/Image_9C1D1257_8B2B_FD7A_41D3_A641440CD6D7_en.png"/>
<file href="media/video_85588E39_8A92_6091_41E0_692365203C94_en_640_379k0.ts"/>
<file href="lib/cursors/FE.cur"/>
<file href="fonts/Montserrat Bold.woff"/>
<file href="media/panorama_867F67CC_8A76_EFF7_41DC_6C5FF21ABE62_hd_t.jpg"/>
<file href="fonts/Montserrat Bold.otf"/>
<file href="skin/Image_9FD1D216_8AF6_E093_41DA_F33C5B98E9EF_en.jpg"/>
<file href="fonts/Bebas Neue Bold.woff"/>
<file href="media/panorama_8664546F_8A76_20B1_41B9_F010D9AFCBCC_t.webp"/>
<file href="skin/IconButton_2A19BC4C_0D3B_DFF0_419F_D0DCB12FF482_rollover.png"/>
<file href="skin/IconButton_221B2648_0C06_E5FD_41A6_F9E27CDB95AF_pressed.jpg"/>
<file href="skin/IconButton_2A19AC4C_0D3B_DFF0_4181_A2C230C2E510_rollover.png"/>
<file href="skin/IconButton_EE5807F6_E3BE_860E_41E7_431DDDA54BAC_rollover.png"/>
<file href="media/video_85588E39_8A92_6091_41E0_692365203C94_en_720_379k3.ts"/>
<file href="skin/IconButton_23F7E7B7_0C0A_6293_419F_D3D84EB3AFBD_rollover.png"/>
<file href="loading/HTMLImage_9E9ABF4A_8B6F_436A_41D7_8C43B82CF5E6.png"/>
<file href="fonts/Montserrat.woff"/>
<file href="lib/webxr-input-profiles/generic-trigger/none.glb"/>
<file href="media/panorama_867F67CC_8A76_EFF7_41DC_6C5FF21ABE62_t.webp"/>
<file href="media/video_85588E39_8A92_6091_41E0_692365203C94_en_640_379k4.ts"/>
<file href="lib/cursors/FNE.cur"/>
<file href="lib/cursors/N.cur"/>
<file href="skin/IconButton_06C40BA5_1140_A63F_41AC_FA560325FD81_pressed.jpg"/>
<file href="skin/IconButton_EF7806FA_E38F_8606_41E5_5C4557EBCACB_mobile_rollover.png"/>
<file href="skin/IconButton_EE9FBAB2_E389_8E06_41D7_903ABEDD153A_mobile_pressed.png"/>
<file href="skin/Image_1B99DD00_16C4_0505_41B3_51F09727447A_en.png"/>
<file href="script.js"/>
<file href="fonts/Montserrat.eot"/>
<file href="fonts/Montserrat-Regular.woff"/>
<file href="fonts/Montserrat-Regular.ttf"/>
<file href="fonts/Montserrat Bold.woff"/>
<file href="fonts/Bebas Neue Bold.woff"/>
<file href="fonts/Montserrat-Black.woff"/>
<file href="fonts/BebasNeueBold.otf"/>
<file href="fonts/Montserrat Bold.eot"/>
<file href="fonts/Montserrat-Black.eot"/>
<file href="fonts/Montserrat.woff"/>
<file href="fonts/Bebas Neue Bold.eot"/>
<file href="fonts/Montserrat-Bold.svg"/>
<file href="fonts/Montserrat-Regular.svg"/>
<file href="fonts/BebasNeueBold.woff"/>
<file href="fonts/Montserrat.otf"/>
<file href="fonts/Montserrat-Regular.eot"/>
<file href="fonts/Bebas Neue Bold.otf"/>
<file href="fonts/Montserrat.eot"/>
<file href="fonts/BebasNeueBold.eot"/>
<file href="fonts/Montserrat-Bold.eot"/>
<file href="fonts/Montserrat-Light.woff"/>
<file href="fonts/Montserrat-Light.eot"/>
<file href="fonts/Montserrat-Black.otf"/>
<file href="fonts/Montserrat-Bold.ttf"/>
<file href="fonts/Montserrat Bold.otf"/>
<file href="fonts/Montserrat-Bold.woff"/>
<file href="fonts/Montserrat-Light.otf"/>
<file href="media/panorama_867E0801_8A76_2071_41CC_9ED378D879DD_0/r/2/0_0.webp"/>
<file href="media/panorama_867E0801_8A76_2071_41CC_9ED378D879DD_0/l/2/0_0.webp"/>
<file href="media/panorama_867E0801_8A76_2071_41CC_9ED378D879DD_0/u/2/0_0.webp"/>
<file href="media/panorama_867E0801_8A76_2071_41CC_9ED378D879DD_0/d/2/0_0.webp"/>
<file href="media/panorama_867E0801_8A76_2071_41CC_9ED378D879DD_0/f/2/0_0.webp"/>
<file href="media/panorama_867E0801_8A76_2071_41CC_9ED378D879DD_0/b/2/0_0.webp"/>
<file href="media/panorama_8664546F_8A76_20B1_41B9_F010D9AFCBCC_0/r/2/0_0.webp"/>
<file href="media/panorama_8664546F_8A76_20B1_41B9_F010D9AFCBCC_0/l/2/0_0.webp"/>
<file href="media/panorama_8664546F_8A76_20B1_41B9_F010D9AFCBCC_0/u/2/0_0.webp"/>
<file href="media/panorama_8664546F_8A76_20B1_41B9_F010D9AFCBCC_0/d/2/0_0.webp"/>
<file href="media/panorama_8664546F_8A76_20B1_41B9_F010D9AFCBCC_0/f/2/0_0.webp"/>
<file href="media/panorama_8664546F_8A76_20B1_41B9_F010D9AFCBCC_0/b/2/0_0.webp"/>
<file href="media/panorama_867E792A_8A76_20B3_41D7_D9BD29C97E16_0/r/2/0_0.webp"/>
<file href="media/panorama_867E792A_8A76_20B3_41D7_D9BD29C97E16_0/l/2/0_0.webp"/>
<file href="media/panorama_867E792A_8A76_20B3_41D7_D9BD29C97E16_0/u/2/0_0.webp"/>
<file href="media/panorama_867E792A_8A76_20B3_41D7_D9BD29C97E16_0/d/2/0_0.webp"/>
<file href="media/panorama_867E792A_8A76_20B3_41D7_D9BD29C97E16_0/f/2/0_0.webp"/>
<file href="media/panorama_867E792A_8A76_20B3_41D7_D9BD29C97E16_0/b/2/0_0.webp"/>
<file href="media/panorama_8664546F_8A76_20B1_41B9_F010D9AFCBCC_0/r/0/2_1.webp"/>
<file href="media/panorama_8664546F_8A76_20B1_41B9_F010D9AFCBCC_0/r/0/0_0.webp"/>
<file href="media/panorama_8664546F_8A76_20B1_41B9_F010D9AFCBCC_0/r/0/0_1.webp"/>
<file href="media/panorama_8664546F_8A76_20B1_41B9_F010D9AFCBCC_0/r/0/2_0.webp"/>
<file href="media/panorama_8664546F_8A76_20B1_41B9_F010D9AFCBCC_0/r/0/3_3.webp"/>
<file href="media/panorama_8664546F_8A76_20B1_41B9_F010D9AFCBCC_0/r/0/1_2.webp"/>
<file href="media/panorama_8664546F_8A76_20B1_41B9_F010D9AFCBCC_0/r/0/1_3.webp"/>
<file href="media/panorama_8664546F_8A76_20B1_41B9_F010D9AFCBCC_0/r/0/3_2.webp"/>
<file href="media/panorama_8664546F_8A76_20B1_41B9_F010D9AFCBCC_0/r/0/1_0.webp"/>
<file href="media/panorama_8664546F_8A76_20B1_41B9_F010D9AFCBCC_0/r/0/3_1.webp"/>
<file href="media/panorama_8664546F_8A76_20B1_41B9_F010D9AFCBCC_0/r/0/3_0.webp"/>
<file href="media/panorama_8664546F_8A76_20B1_41B9_F010D9AFCBCC_0/r/0/1_1.webp"/>
<file href="media/panorama_8664546F_8A76_20B1_41B9_F010D9AFCBCC_0/r/0/0_2.webp"/>
<file href="media/panorama_8664546F_8A76_20B1_41B9_F010D9AFCBCC_0/r/0/2_3.webp"/>
<file href="media/panorama_8664546F_8A76_20B1_41B9_F010D9AFCBCC_0/r/0/2_2.webp"/>
<file href="media/panorama_8664546F_8A76_20B1_41B9_F010D9AFCBCC_0/r/0/0_3.webp"/>
<file href="media/panorama_8664546F_8A76_20B1_41B9_F010D9AFCBCC_0/l/0/2_1.webp"/>
<file href="media/panorama_8664546F_8A76_20B1_41B9_F010D9AFCBCC_0/l/0/0_0.webp"/>
<file href="media/panorama_8664546F_8A76_20B1_41B9_F010D9AFCBCC_0/l/0/0_1.webp"/>
<file href="media/panorama_8664546F_8A76_20B1_41B9_F010D9AFCBCC_0/l/0/2_0.webp"/>
<file href="media/panorama_8664546F_8A76_20B1_41B9_F010D9AFCBCC_0/l/0/3_3.webp"/>
<file href="media/panorama_8664546F_8A76_20B1_41B9_F010D9AFCBCC_0/l/0/1_2.webp"/>
<file href="media/panorama_8664546F_8A76_20B1_41B9_F010D9AFCBCC_0/l/0/1_3.webp"/>
<file href="media/panorama_8664546F_8A76_20B1_41B9_F010D9AFCBCC_0/l/0/3_2.webp"/>
<file href="media/panorama_8664546F_8A76_20B1_41B9_F010D9AFCBCC_0/l/0/1_0.webp"/>
<file href="media/panorama_8664546F_8A76_20B1_41B9_F010D9AFCBCC_0/l/0/3_1.webp"/>
<file href="media/panorama_8664546F_8A76_20B1_41B9_F010D9AFCBCC_0/l/0/3_0.webp"/>
<file href="media/panorama_8664546F_8A76_20B1_41B9_F010D9AFCBCC_0/l/0/1_1.webp"/>
<file href="media/panorama_8664546F_8A76_20B1_41B9_F010D9AFCBCC_0/l/0/0_2.webp"/>
<file href="media/panorama_8664546F_8A76_20B1_41B9_F010D9AFCBCC_0/l/0/2_3.webp"/>
<file href="media/panorama_8664546F_8A76_20B1_41B9_F010D9AFCBCC_0/l/0/2_2.webp"/>
<file href="media/panorama_8664546F_8A76_20B1_41B9_F010D9AFCBCC_0/l/0/0_3.webp"/>
<file href="media/panorama_8664546F_8A76_20B1_41B9_F010D9AFCBCC_0/u/0/2_1.webp"/>
<file href="media/panorama_8664546F_8A76_20B1_41B9_F010D9AFCBCC_0/u/0/0_0.webp"/>
<file href="media/panorama_8664546F_8A76_20B1_41B9_F010D9AFCBCC_0/u/0/0_1.webp"/>
<file href="media/panorama_8664546F_8A76_20B1_41B9_F010D9AFCBCC_0/u/0/2_0.webp"/>
<file href="media/panorama_8664546F_8A76_20B1_41B9_F010D9AFCBCC_0/u/0/3_3.webp"/>
<file href="media/panorama_8664546F_8A76_20B1_41B9_F010D9AFCBCC_0/u/0/1_2.webp"/>
<file href="media/panorama_8664546F_8A76_20B1_41B9_F010D9AFCBCC_0/u/0/1_3.webp"/>
<file href="media/panorama_8664546F_8A76_20B1_41B9_F010D9AFCBCC_0/u/0/3_2.webp"/>
<file href="media/panorama_8664546F_8A76_20B1_41B9_F010D9AFCBCC_0/u/0/1_0.webp"/>
<file href="media/panorama_8664546F_8A76_20B1_41B9_F010D9AFCBCC_0/u/0/3_1.webp"/>
<file href="media/panorama_8664546F_8A76_20B1_41B9_F010D9AFCBCC_0/u/0/3_0.webp"/>
<file href="media/panorama_8664546F_8A76_20B1_41B9_F010D9AFCBCC_0/u/0/1_1.webp"/>
<file href="media/panorama_8664546F_8A76_20B1_41B9_F010D9AFCBCC_0/u/0/0_2.webp"/>
<file href="media/panorama_8664546F_8A76_20B1_41B9_F010D9AFCBCC_0/u/0/2_3.webp"/>
<file href="media/panorama_8664546F_8A76_20B1_41B9_F010D9AFCBCC_0/u/0/2_2.webp"/>
<file href="media/panorama_8664546F_8A76_20B1_41B9_F010D9AFCBCC_0/u/0/0_3.webp"/>
<file href="media/panorama_8664546F_8A76_20B1_41B9_F010D9AFCBCC_0/d/0/2_1.webp"/>
<file href="media/panorama_8664546F_8A76_20B1_41B9_F010D9AFCBCC_0/d/0/0_0.webp"/>
<file href="media/panorama_8664546F_8A76_20B1_41B9_F010D9AFCBCC_0/d/0/0_1.webp"/>
<file href="media/panorama_8664546F_8A76_20B1_41B9_F010D9AFCBCC_0/d/0/2_0.webp"/>
<file href="media/panorama_8664546F_8A76_20B1_41B9_F010D9AFCBCC_0/d/0/3_3.webp"/>
<file href="media/panorama_8664546F_8A76_20B1_41B9_F010D9AFCBCC_0/d/0/1_2.webp"/>
<file href="media/panorama_8664546F_8A76_20B1_41B9_F010D9AFCBCC_0/d/0/1_3.webp"/>
<file href="media/panorama_8664546F_8A76_20B1_41B9_F010D9AFCBCC_0/d/0/3_2.webp"/>
<file href="media/panorama_8664546F_8A76_20B1_41B9_F010D9AFCBCC_0/d/0/1_0.webp"/>
<file href="media/panorama_8664546F_8A76_20B1_41B9_F010D9AFCBCC_0/d/0/3_1.webp"/>
<file href="media/panorama_8664546F_8A76_20B1_41B9_F010D9AFCBCC_0/d/0/3_0.webp"/>
<file href="media/panorama_8664546F_8A76_20B1_41B9_F010D9AFCBCC_0/d/0/1_1.webp"/>
<file href="media/panorama_8664546F_8A76_20B1_41B9_F010D9AFCBCC_0/d/0/0_2.webp"/>
<file href="media/panorama_8664546F_8A76_20B1_41B9_F010D9AFCBCC_0/d/0/2_3.webp"/>
<file href="media/panorama_8664546F_8A76_20B1_41B9_F010D9AFCBCC_0/d/0/2_2.webp"/>
<file href="media/panorama_8664546F_8A76_20B1_41B9_F010D9AFCBCC_0/d/0/0_3.webp"/>
<file href="media/panorama_8664546F_8A76_20B1_41B9_F010D9AFCBCC_0/f/0/2_1.webp"/>
<file href="media/panorama_8664546F_8A76_20B1_41B9_F010D9AFCBCC_0/f/0/0_0.webp"/>
<file href="media/panorama_8664546F_8A76_20B1_41B9_F010D9AFCBCC_0/f/0/0_1.webp"/>
<file href="media/panorama_8664546F_8A76_20B1_41B9_F010D9AFCBCC_0/f/0/2_0.webp"/>
<file href="media/panorama_8664546F_8A76_20B1_41B9_F010D9AFCBCC_0/f/0/3_3.webp"/>
<file href="media/panorama_8664546F_8A76_20B1_41B9_F010D9AFCBCC_0/f/0/1_2.webp"/>
<file href="media/panorama_8664546F_8A76_20B1_41B9_F010D9AFCBCC_0/f/0/1_3.webp"/>
<file href="media/panorama_8664546F_8A76_20B1_41B9_F010D9AFCBCC_0/f/0/3_2.webp"/>
<file href="media/panorama_8664546F_8A76_20B1_41B9_F010D9AFCBCC_0/f/0/1_0.webp"/>
<file href="media/panorama_8664546F_8A76_20B1_41B9_F010D9AFCBCC_0/f/0/3_1.webp"/>
<file href="media/panorama_8664546F_8A76_20B1_41B9_F010D9AFCBCC_0/f/0/3_0.webp"/>
<file href="media/panorama_8664546F_8A76_20B1_41B9_F010D9AFCBCC_0/f/0/1_1.webp"/>
<file href="media/panorama_8664546F_8A76_20B1_41B9_F010D9AFCBCC_0/f/0/0_2.webp"/>
<file href="media/panorama_8664546F_8A76_20B1_41B9_F010D9AFCBCC_0/f/0/2_3.webp"/>
<file href="media/panorama_8664546F_8A76_20B1_41B9_F010D9AFCBCC_0/f/0/2_2.webp"/>
<file href="media/panorama_8664546F_8A76_20B1_41B9_F010D9AFCBCC_0/f/0/0_3.webp"/>
<file href="media/panorama_8664546F_8A76_20B1_41B9_F010D9AFCBCC_0/b/0/2_1.webp"/>
<file href="media/panorama_8664546F_8A76_20B1_41B9_F010D9AFCBCC_0/b/0/0_0.webp"/>
<file href="media/panorama_8664546F_8A76_20B1_41B9_F010D9AFCBCC_0/b/0/0_1.webp"/>
<file href="media/panorama_8664546F_8A76_20B1_41B9_F010D9AFCBCC_0/b/0/2_0.webp"/>
<file href="media/panorama_8664546F_8A76_20B1_41B9_F010D9AFCBCC_0/b/0/3_3.webp"/>
<file href="media/panorama_8664546F_8A76_20B1_41B9_F010D9AFCBCC_0/b/0/1_2.webp"/>
<file href="media/panorama_8664546F_8A76_20B1_41B9_F010D9AFCBCC_0/b/0/1_3.webp"/>
<file href="media/panorama_8664546F_8A76_20B1_41B9_F010D9AFCBCC_0/b/0/3_2.webp"/>
<file href="media/panorama_8664546F_8A76_20B1_41B9_F010D9AFCBCC_0/b/0/1_0.webp"/>
<file href="media/panorama_8664546F_8A76_20B1_41B9_F010D9AFCBCC_0/b/0/3_1.webp"/>
<file href="media/panorama_8664546F_8A76_20B1_41B9_F010D9AFCBCC_0/b/0/3_0.webp"/>
<file href="media/panorama_8664546F_8A76_20B1_41B9_F010D9AFCBCC_0/b/0/1_1.webp"/>
<file href="media/panorama_8664546F_8A76_20B1_41B9_F010D9AFCBCC_0/b/0/0_2.webp"/>
<file href="media/panorama_8664546F_8A76_20B1_41B9_F010D9AFCBCC_0/b/0/2_3.webp"/>
<file href="media/panorama_8664546F_8A76_20B1_41B9_F010D9AFCBCC_0/b/0/2_2.webp"/>
<file href="media/panorama_8664546F_8A76_20B1_41B9_F010D9AFCBCC_0/b/0/0_3.webp"/>
<file href="media/panorama_867E792A_8A76_20B3_41D7_D9BD29C97E16_0/r/0/2_1.webp"/>
<file href="media/panorama_867E792A_8A76_20B3_41D7_D9BD29C97E16_0/r/0/0_0.webp"/>
<file href="media/panorama_867E792A_8A76_20B3_41D7_D9BD29C97E16_0/r/0/0_1.webp"/>
<file href="media/panorama_867E792A_8A76_20B3_41D7_D9BD29C97E16_0/r/0/2_0.webp"/>
<file href="media/panorama_867E792A_8A76_20B3_41D7_D9BD29C97E16_0/r/0/3_3.webp"/>
<file href="media/panorama_867E792A_8A76_20B3_41D7_D9BD29C97E16_0/r/0/1_2.webp"/>
<file href="media/panorama_867E792A_8A76_20B3_41D7_D9BD29C97E16_0/r/0/1_3.webp"/>
<file href="media/panorama_867E792A_8A76_20B3_41D7_D9BD29C97E16_0/r/0/3_2.webp"/>
<file href="media/panorama_867E792A_8A76_20B3_41D7_D9BD29C97E16_0/r/0/1_0.webp"/>
<file href="media/panorama_867E792A_8A76_20B3_41D7_D9BD29C97E16_0/r/0/3_1.webp"/>
<file href="media/panorama_867E792A_8A76_20B3_41D7_D9BD29C97E16_0/r/0/3_0.webp"/>
<file href="media/panorama_867E792A_8A76_20B3_41D7_D9BD29C97E16_0/r/0/1_1.webp"/>
<file href="media/panorama_867E792A_8A76_20B3_41D7_D9BD29C97E16_0/r/0/0_2.webp"/>
<file href="media/panorama_867E792A_8A76_20B3_41D7_D9BD29C97E16_0/r/0/2_3.webp"/>
<file href="media/panorama_867E792A_8A76_20B3_41D7_D9BD29C97E16_0/r/0/2_2.webp"/>
<file href="media/panorama_867E792A_8A76_20B3_41D7_D9BD29C97E16_0/r/0/0_3.webp"/>
<file href="media/panorama_867E792A_8A76_20B3_41D7_D9BD29C97E16_0/l/0/2_1.webp"/>
<file href="media/panorama_867E792A_8A76_20B3_41D7_D9BD29C97E16_0/l/0/0_0.webp"/>
<file href="media/panorama_867E792A_8A76_20B3_41D7_D9BD29C97E16_0/l/0/0_1.webp"/>
<file href="media/panorama_867E792A_8A76_20B3_41D7_D9BD29C97E16_0/l/0/2_0.webp"/>
<file href="media/panorama_867E792A_8A76_20B3_41D7_D9BD29C97E16_0/l/0/3_3.webp"/>
<file href="media/panorama_867E792A_8A76_20B3_41D7_D9BD29C97E16_0/l/0/1_2.webp"/>
<file href="media/panorama_867E792A_8A76_20B3_41D7_D9BD29C97E16_0/l/0/1_3.webp"/>
<file href="media/panorama_867E792A_8A76_20B3_41D7_D9BD29C97E16_0/l/0/3_2.webp"/>
<file href="media/panorama_867E792A_8A76_20B3_41D7_D9BD29C97E16_0/l/0/1_0.webp"/>
<file href="media/panorama_867E792A_8A76_20B3_41D7_D9BD29C97E16_0/l/0/3_1.webp"/>
<file href="media/panorama_867E792A_8A76_20B3_41D7_D9BD29C97E16_0/l/0/3_0.webp"/>
<file href="media/panorama_867E792A_8A76_20B3_41D7_D9BD29C97E16_0/l/0/1_1.webp"/>
<file href="media/panorama_867E792A_8A76_20B3_41D7_D9BD29C97E16_0/l/0/0_2.webp"/>
<file href="media/panorama_867E792A_8A76_20B3_41D7_D9BD29C97E16_0/l/0/2_3.webp"/>
<file href="media/panorama_867E792A_8A76_20B3_41D7_D9BD29C97E16_0/l/0/2_2.webp"/>
<file href="media/panorama_867E792A_8A76_20B3_41D7_D9BD29C97E16_0/l/0/0_3.webp"/>
<file href="media/panorama_867E792A_8A76_20B3_41D7_D9BD29C97E16_0/u/0/2_1.webp"/>
<file href="media/panorama_867E792A_8A76_20B3_41D7_D9BD29C97E16_0/u/0/0_0.webp"/>
<file href="media/panorama_867E792A_8A76_20B3_41D7_D9BD29C97E16_0/u/0/0_1.webp"/>
<file href="media/panorama_867E792A_8A76_20B3_41D7_D9BD29C97E16_0/u/0/2_0.webp"/>
<file href="media/panorama_867E792A_8A76_20B3_41D7_D9BD29C97E16_0/u/0/3_3.webp"/>
<file href="media/panorama_867E792A_8A76_20B3_41D7_D9BD29C97E16_0/u/0/1_2.webp"/>
<file href="media/panorama_867E792A_8A76_20B3_41D7_D9BD29C97E16_0/u/0/1_3.webp"/>
<file href="media/panorama_867E792A_8A76_20B3_41D7_D9BD29C97E16_0/u/0/3_2.webp"/>
<file href="media/panorama_867E792A_8A76_20B3_41D7_D9BD29C97E16_0/u/0/1_0.webp"/>
<file href="media/panorama_867E792A_8A76_20B3_41D7_D9BD29C97E16_0/u/0/3_1.webp"/>
<file href="media/panorama_867E792A_8A76_20B3_41D7_D9BD29C97E16_0/u/0/3_0.webp"/>
<file href="media/panorama_867E792A_8A76_20B3_41D7_D9BD29C97E16_0/u/0/1_1.webp"/>
<file href="media/panorama_867E792A_8A76_20B3_41D7_D9BD29C97E16_0/u/0/0_2.webp"/>
<file href="media/panorama_867E792A_8A76_20B3_41D7_D9BD29C97E16_0/u/0/2_3.webp"/>
<file href="media/panorama_867E792A_8A76_20B3_41D7_D9BD29C97E16_0/u/0/2_2.webp"/>
<file href="media/panorama_867E792A_8A76_20B3_41D7_D9BD29C97E16_0/u/0/0_3.webp"/>
<file href="media/panorama_867E792A_8A76_20B3_41D7_D9BD29C97E16_0/d/0/2_1.webp"/>
<file href="media/panorama_867E792A_8A76_20B3_41D7_D9BD29C97E16_0/d/0/0_0.webp"/>
<file href="media/panorama_867E792A_8A76_20B3_41D7_D9BD29C97E16_0/d/0/0_1.webp"/>
<file href="media/panorama_867E792A_8A76_20B3_41D7_D9BD29C97E16_0/d/0/2_0.webp"/>
<file href="media/panorama_867E792A_8A76_20B3_41D7_D9BD29C97E16_0/d/0/3_3.webp"/>
<file href="media/panorama_867E792A_8A76_20B3_41D7_D9BD29C97E16_0/d/0/1_2.webp"/>
<file href="media/panorama_867E792A_8A76_20B3_41D7_D9BD29C97E16_0/d/0/1_3.webp"/>
<file href="media/panorama_867E792A_8A76_20B3_41D7_D9BD29C97E16_0/d/0/3_2.webp"/>
<file href="media/panorama_867E792A_8A76_20B3_41D7_D9BD29C97E16_0/d/0/1_0.webp"/>
<file href="media/panorama_867E792A_8A76_20B3_41D7_D9BD29C97E16_0/d/0/3_1.webp"/>
<file href="media/panorama_867E792A_8A76_20B3_41D7_D9BD29C97E16_0/d/0/3_0.webp"/>
<file href="media/panorama_867E792A_8A76_20B3_41D7_D9BD29C97E16_0/d/0/1_1.webp"/>
<file href="media/panorama_867E792A_8A76_20B3_41D7_D9BD29C97E16_0/d/0/0_2.webp"/>
<file href="media/panorama_867E792A_8A76_20B3_41D7_D9BD29C97E16_0/d/0/2_3.webp"/>
<file href="media/panorama_867E792A_8A76_20B3_41D7_D9BD29C97E16_0/d/0/2_2.webp"/>
<file href="media/panorama_867E792A_8A76_20B3_41D7_D9BD29C97E16_0/d/0/0_3.webp"/>
<file href="media/panorama_867E792A_8A76_20B3_41D7_D9BD29C97E16_0/f/0/2_1.webp"/>
<file href="media/panorama_867E792A_8A76_20B3_41D7_D9BD29C97E16_0/f/0/0_0.webp"/>
<file href="media/panorama_867E792A_8A76_20B3_41D7_D9BD29C97E16_0/f/0/0_1.webp"/>
<file href="media/panorama_867E792A_8A76_20B3_41D7_D9BD29C97E16_0/f/0/2_0.webp"/>
<file href="media/panorama_867E792A_8A76_20B3_41D7_D9BD29C97E16_0/f/0/3_3.webp"/>
<file href="media/panorama_867E792A_8A76_20B3_41D7_D9BD29C97E16_0/f/0/1_2.webp"/>
<file href="media/panorama_867E792A_8A76_20B3_41D7_D9BD29C97E16_0/f/0/1_3.webp"/>
<file href="media/panorama_867E792A_8A76_20B3_41D7_D9BD29C97E16_0/f/0/3_2.webp"/>
<file href="media/panorama_867E792A_8A76_20B3_41D7_D9BD29C97E16_0/f/0/1_0.webp"/>
<file href="media/panorama_867E792A_8A76_20B3_41D7_D9BD29C97E16_0/f/0/3_1.webp"/>
<file href="media/panorama_867E792A_8A76_20B3_41D7_D9BD29C97E16_0/f/0/3_0.webp"/>
<file href="media/panorama_867E792A_8A76_20B3_41D7_D9BD29C97E16_0/f/0/1_1.webp"/>
<file href="media/panorama_867E792A_8A76_20B3_41D7_D9BD29C97E16_0/f/0/0_2.webp"/>
<file href="media/panorama_867E792A_8A76_20B3_41D7_D9BD29C97E16_0/f/0/2_3.webp"/>
<file href="media/panorama_867E792A_8A76_20B3_41D7_D9BD29C97E16_0/f/0/2_2.webp"/>
<file href="media/panorama_867E792A_8A76_20B3_41D7_D9BD29C97E16_0/f/0/0_3.webp"/>
<file href="media/panorama_867E792A_8A76_20B3_41D7_D9BD29C97E16_0/b/0/2_1.webp"/>
<file href="media/panorama_867E792A_8A76_20B3_41D7_D9BD29C97E16_0/b/0/0_0.webp"/>
<file href="media/panorama_867E792A_8A76_20B3_41D7_D9BD29C97E16_0/b/0/0_1.webp"/>
<file href="media/panorama_867E792A_8A76_20B3_41D7_D9BD29C97E16_0/b/0/2_0.webp"/>
<file href="media/panorama_867E792A_8A76_20B3_41D7_D9BD29C97E16_0/b/0/3_3.webp"/>
<file href="media/panorama_867E792A_8A76_20B3_41D7_D9BD29C97E16_0/b/0/1_2.webp"/>
<file href="media/panorama_867E792A_8A76_20B3_41D7_D9BD29C97E16_0/b/0/1_3.webp"/>
<file href="media/panorama_867E792A_8A76_20B3_41D7_D9BD29C97E16_0/b/0/3_2.webp"/>
<file href="media/panorama_867E792A_8A76_20B3_41D7_D9BD29C97E16_0/b/0/1_0.webp"/>
<file href="media/panorama_867E792A_8A76_20B3_41D7_D9BD29C97E16_0/b/0/3_1.webp"/>
<file href="media/panorama_867E792A_8A76_20B3_41D7_D9BD29C97E16_0/b/0/3_0.webp"/>
<file href="media/panorama_867E792A_8A76_20B3_41D7_D9BD29C97E16_0/b/0/1_1.webp"/>
<file href="media/panorama_867E792A_8A76_20B3_41D7_D9BD29C97E16_0/b/0/0_2.webp"/>
<file href="media/panorama_867E792A_8A76_20B3_41D7_D9BD29C97E16_0/b/0/2_3.webp"/>
<file href="media/panorama_867E792A_8A76_20B3_41D7_D9BD29C97E16_0/b/0/2_2.webp"/>
<file href="media/panorama_867E792A_8A76_20B3_41D7_D9BD29C97E16_0/b/0/0_3.webp"/>
<file href="media/panorama_867E0801_8A76_2071_41CC_9ED378D879DD_0/r/0/2_1.webp"/>
<file href="media/panorama_867E0801_8A76_2071_41CC_9ED378D879DD_0/r/0/0_0.webp"/>
<file href="media/panorama_867E0801_8A76_2071_41CC_9ED378D879DD_0/r/0/0_1.webp"/>
<file href="media/panorama_867E0801_8A76_2071_41CC_9ED378D879DD_0/r/0/2_0.webp"/>
<file href="media/panorama_867E0801_8A76_2071_41CC_9ED378D879DD_0/r/0/3_3.webp"/>
<file href="media/panorama_867E0801_8A76_2071_41CC_9ED378D879DD_0/r/0/1_2.webp"/>
<file href="media/panorama_867E0801_8A76_2071_41CC_9ED378D879DD_0/r/0/1_3.webp"/>
<file href="media/panorama_867E0801_8A76_2071_41CC_9ED378D879DD_0/r/0/3_2.webp"/>
<file href="media/panorama_867E0801_8A76_2071_41CC_9ED378D879DD_0/r/0/1_0.webp"/>
<file href="media/panorama_867E0801_8A76_2071_41CC_9ED378D879DD_0/r/0/3_1.webp"/>
<file href="media/panorama_867E0801_8A76_2071_41CC_9ED378D879DD_0/r/0/3_0.webp"/>
<file href="media/panorama_867E0801_8A76_2071_41CC_9ED378D879DD_0/r/0/1_1.webp"/>
<file href="media/panorama_867E0801_8A76_2071_41CC_9ED378D879DD_0/r/0/0_2.webp"/>
<file href="media/panorama_867E0801_8A76_2071_41CC_9ED378D879DD_0/r/0/2_3.webp"/>
<file href="media/panorama_867E0801_8A76_2071_41CC_9ED378D879DD_0/r/0/2_2.webp"/>
<file href="media/panorama_867E0801_8A76_2071_41CC_9ED378D879DD_0/r/0/0_3.webp"/>
<file href="media/panorama_867E0801_8A76_2071_41CC_9ED378D879DD_0/l/0/2_1.webp"/>
<file href="media/panorama_867E0801_8A76_2071_41CC_9ED378D879DD_0/l/0/0_0.webp"/>
<file href="media/panorama_867E0801_8A76_2071_41CC_9ED378D879DD_0/l/0/0_1.webp"/>
<file href="media/panorama_867E0801_8A76_2071_41CC_9ED378D879DD_0/l/0/2_0.webp"/>
<file href="media/panorama_867E0801_8A76_2071_41CC_9ED378D879DD_0/l/0/3_3.webp"/>
<file href="media/panorama_867E0801_8A76_2071_41CC_9ED378D879DD_0/l/0/1_2.webp"/>
<file href="media/panorama_867E0801_8A76_2071_41CC_9ED378D879DD_0/l/0/1_3.webp"/>
<file href="media/panorama_867E0801_8A76_2071_41CC_9ED378D879DD_0/l/0/3_2.webp"/>
<file href="media/panorama_867E0801_8A76_2071_41CC_9ED378D879DD_0/l/0/1_0.webp"/>
<file href="media/panorama_867E0801_8A76_2071_41CC_9ED378D879DD_0/l/0/3_1.webp"/>
<file href="media/panorama_867E0801_8A76_2071_41CC_9ED378D879DD_0/l/0/3_0.webp"/>
<file href="media/panorama_867E0801_8A76_2071_41CC_9ED378D879DD_0/l/0/1_1.webp"/>
<file href="media/panorama_867E0801_8A76_2071_41CC_9ED378D879DD_0/l/0/0_2.webp"/>
<file href="media/panorama_867E0801_8A76_2071_41CC_9ED378D879DD_0/l/0/2_3.webp"/>
<file href="media/panorama_867E0801_8A76_2071_41CC_9ED378D879DD_0/l/0/2_2.webp"/>
<file href="media/panorama_867E0801_8A76_2071_41CC_9ED378D879DD_0/l/0/0_3.webp"/>
<file href="media/panorama_867E0801_8A76_2071_41CC_9ED378D879DD_0/u/0/2_1.webp"/>
<file href="media/panorama_867E0801_8A76_2071_41CC_9ED378D879DD_0/u/0/0_0.webp"/>
<file href="media/panorama_867E0801_8A76_2071_41CC_9ED378D879DD_0/u/0/0_1.webp"/>
<file href="media/panorama_867E0801_8A76_2071_41CC_9ED378D879DD_0/u/0/2_0.webp"/>
<file href="media/panorama_867E0801_8A76_2071_41CC_9ED378D879DD_0/u/0/3_3.webp"/>
<file href="media/panorama_867E0801_8A76_2071_41CC_9ED378D879DD_0/u/0/1_2.webp"/>
<file href="media/panorama_867E0801_8A76_2071_41CC_9ED378D879DD_0/u/0/1_3.webp"/>
<file href="media/panorama_867E0801_8A76_2071_41CC_9ED378D879DD_0/u/0/3_2.webp"/>
<file href="media/panorama_867E0801_8A76_2071_41CC_9ED378D879DD_0/u/0/1_0.webp"/>
<file href="media/panorama_867E0801_8A76_2071_41CC_9ED378D879DD_0/u/0/3_1.webp"/>
<file href="media/panorama_867E0801_8A76_2071_41CC_9ED378D879DD_0/u/0/3_0.webp"/>
<file href="media/panorama_867E0801_8A76_2071_41CC_9ED378D879DD_0/u/0/1_1.webp"/>
<file href="media/panorama_867E0801_8A76_2071_41CC_9ED378D879DD_0/u/0/0_2.webp"/>
<file href="media/panorama_867E0801_8A76_2071_41CC_9ED378D879DD_0/u/0/2_3.webp"/>
<file href="media/panorama_867E0801_8A76_2071_41CC_9ED378D879DD_0/u/0/2_2.webp"/>
<file href="media/panorama_867E0801_8A76_2071_41CC_9ED378D879DD_0/u/0/0_3.webp"/>
<file href="media/panorama_867E0801_8A76_2071_41CC_9ED378D879DD_0/d/0/2_1.webp"/>
<file href="media/panorama_867E0801_8A76_2071_41CC_9ED378D879DD_0/d/0/0_0.webp"/>
<file href="media/panorama_867E0801_8A76_2071_41CC_9ED378D879DD_0/d/0/0_1.webp"/>
<file href="media/panorama_867E0801_8A76_2071_41CC_9ED378D879DD_0/d/0/2_0.webp"/>
<file href="media/panorama_867E0801_8A76_2071_41CC_9ED378D879DD_0/d/0/3_3.webp"/>
<file href="media/panorama_867E0801_8A76_2071_41CC_9ED378D879DD_0/d/0/1_2.webp"/>
<file href="media/panorama_867E0801_8A76_2071_41CC_9ED378D879DD_0/d/0/1_3.webp"/>
<file href="media/panorama_867E0801_8A76_2071_41CC_9ED378D879DD_0/d/0/3_2.webp"/>
<file href="media/panorama_867E0801_8A76_2071_41CC_9ED378D879DD_0/d/0/1_0.webp"/>
<file href="media/panorama_867E0801_8A76_2071_41CC_9ED378D879DD_0/d/0/3_1.webp"/>
<file href="media/panorama_867E0801_8A76_2071_41CC_9ED378D879DD_0/d/0/3_0.webp"/>
<file href="media/panorama_867E0801_8A76_2071_41CC_9ED378D879DD_0/d/0/1_1.webp"/>
<file href="media/panorama_867E0801_8A76_2071_41CC_9ED378D879DD_0/d/0/0_2.webp"/>
<file href="media/panorama_867E0801_8A76_2071_41CC_9ED378D879DD_0/d/0/2_3.webp"/>
<file href="media/panorama_867E0801_8A76_2071_41CC_9ED378D879DD_0/d/0/2_2.webp"/>
<file href="media/panorama_867E0801_8A76_2071_41CC_9ED378D879DD_0/d/0/0_3.webp"/>
<file href="media/panorama_867E0801_8A76_2071_41CC_9ED378D879DD_0/f/0/2_1.webp"/>
<file href="media/panorama_867E0801_8A76_2071_41CC_9ED378D879DD_0/f/0/0_0.webp"/>
<file href="media/panorama_867E0801_8A76_2071_41CC_9ED378D879DD_0/f/0/0_1.webp"/>
<file href="media/panorama_867E0801_8A76_2071_41CC_9ED378D879DD_0/f/0/2_0.webp"/>
<file href="media/panorama_867E0801_8A76_2071_41CC_9ED378D879DD_0/f/0/3_3.webp"/>
<file href="media/panorama_867E0801_8A76_2071_41CC_9ED378D879DD_0/f/0/1_2.webp"/>
<file href="media/panorama_867E0801_8A76_2071_41CC_9ED378D879DD_0/f/0/1_3.webp"/>
<file href="media/panorama_867E0801_8A76_2071_41CC_9ED378D879DD_0/f/0/3_2.webp"/>
<file href="media/panorama_867E0801_8A76_2071_41CC_9ED378D879DD_0/f/0/1_0.webp"/>
<file href="media/panorama_867E0801_8A76_2071_41CC_9ED378D879DD_0/f/0/3_1.webp"/>
<file href="media/panorama_867E0801_8A76_2071_41CC_9ED378D879DD_0/f/0/3_0.webp"/>
<file href="media/panorama_867E0801_8A76_2071_41CC_9ED378D879DD_0/f/0/1_1.webp"/>
<file href="media/panorama_867E0801_8A76_2071_41CC_9ED378D879DD_0/f/0/0_2.webp"/>
<file href="media/panorama_867E0801_8A76_2071_41CC_9ED378D879DD_0/f/0/2_3.webp"/>
<file href="media/panorama_867E0801_8A76_2071_41CC_9ED378D879DD_0/f/0/2_2.webp"/>
<file href="media/panorama_867E0801_8A76_2071_41CC_9ED378D879DD_0/f/0/0_3.webp"/>
<file href="media/panorama_867E0801_8A76_2071_41CC_9ED378D879DD_0/b/0/2_1.webp"/>
<file href="media/panorama_867E0801_8A76_2071_41CC_9ED378D879DD_0/b/0/0_0.webp"/>
<file href="media/panorama_867E0801_8A76_2071_41CC_9ED378D879DD_0/b/0/0_1.webp"/>
<file href="media/panorama_867E0801_8A76_2071_41CC_9ED378D879DD_0/b/0/2_0.webp"/>
<file href="media/panorama_867E0801_8A76_2071_41CC_9ED378D879DD_0/b/0/3_3.webp"/>
<file href="media/panorama_867E0801_8A76_2071_41CC_9ED378D879DD_0/b/0/1_2.webp"/>
<file href="media/panorama_867E0801_8A76_2071_41CC_9ED378D879DD_0/b/0/1_3.webp"/>
<file href="media/panorama_867E0801_8A76_2071_41CC_9ED378D879DD_0/b/0/3_2.webp"/>
<file href="media/panorama_867E0801_8A76_2071_41CC_9ED378D879DD_0/b/0/1_0.webp"/>
<file href="media/panorama_867E0801_8A76_2071_41CC_9ED378D879DD_0/b/0/3_1.webp"/>
<file href="media/panorama_867E0801_8A76_2071_41CC_9ED378D879DD_0/b/0/3_0.webp"/>
<file href="media/panorama_867E0801_8A76_2071_41CC_9ED378D879DD_0/b/0/1_1.webp"/>
<file href="media/panorama_867E0801_8A76_2071_41CC_9ED378D879DD_0/b/0/0_2.webp"/>
<file href="media/panorama_867E0801_8A76_2071_41CC_9ED378D879DD_0/b/0/2_3.webp"/>
<file href="media/panorama_867E0801_8A76_2071_41CC_9ED378D879DD_0/b/0/2_2.webp"/>
<file href="media/panorama_867E0801_8A76_2071_41CC_9ED378D879DD_0/b/0/0_3.webp"/>
<file href="media/panorama_875552D0_8A76_21EF_41C0_4B9FAC0D7010_0/r/2/0_0.webp"/>
<file href="media/panorama_875552D0_8A76_21EF_41C0_4B9FAC0D7010_0/l/2/0_0.webp"/>
<file href="media/panorama_875552D0_8A76_21EF_41C0_4B9FAC0D7010_0/u/2/0_0.webp"/>
<file href="media/panorama_875552D0_8A76_21EF_41C0_4B9FAC0D7010_0/d/2/0_0.webp"/>
<file href="media/panorama_875552D0_8A76_21EF_41C0_4B9FAC0D7010_0/f/2/0_0.webp"/>
<file href="media/panorama_875552D0_8A76_21EF_41C0_4B9FAC0D7010_0/b/2/0_0.webp"/>
<file href="media/panorama_867E0801_8A76_2071_41CC_9ED378D879DD_0/r/1/0_0.webp"/>
<file href="media/panorama_867E0801_8A76_2071_41CC_9ED378D879DD_0/r/1/0_1.webp"/>
<file href="media/panorama_867E0801_8A76_2071_41CC_9ED378D879DD_0/r/1/1_0.webp"/>
<file href="media/panorama_867E0801_8A76_2071_41CC_9ED378D879DD_0/r/1/1_1.webp"/>
<file href="media/panorama_867E0801_8A76_2071_41CC_9ED378D879DD_0/l/1/0_0.webp"/>
<file href="media/panorama_867E0801_8A76_2071_41CC_9ED378D879DD_0/l/1/0_1.webp"/>
<file href="media/panorama_867E0801_8A76_2071_41CC_9ED378D879DD_0/l/1/1_0.webp"/>
<file href="media/panorama_867E0801_8A76_2071_41CC_9ED378D879DD_0/l/1/1_1.webp"/>
<file href="media/panorama_867E0801_8A76_2071_41CC_9ED378D879DD_0/u/1/0_0.webp"/>
<file href="media/panorama_867E0801_8A76_2071_41CC_9ED378D879DD_0/u/1/0_1.webp"/>
<file href="media/panorama_867E0801_8A76_2071_41CC_9ED378D879DD_0/u/1/1_0.webp"/>
<file href="media/panorama_867E0801_8A76_2071_41CC_9ED378D879DD_0/u/1/1_1.webp"/>
<file href="media/panorama_867E0801_8A76_2071_41CC_9ED378D879DD_0/d/1/0_0.webp"/>
<file href="media/panorama_867E0801_8A76_2071_41CC_9ED378D879DD_0/d/1/0_1.webp"/>
<file href="media/panorama_867E0801_8A76_2071_41CC_9ED378D879DD_0/d/1/1_0.webp"/>
<file href="media/panorama_867E0801_8A76_2071_41CC_9ED378D879DD_0/d/1/1_1.webp"/>
<file href="media/panorama_867E0801_8A76_2071_41CC_9ED378D879DD_0/f/1/0_0.webp"/>
<file href="media/panorama_867E0801_8A76_2071_41CC_9ED378D879DD_0/f/1/0_1.webp"/>
<file href="media/panorama_867E0801_8A76_2071_41CC_9ED378D879DD_0/f/1/1_0.webp"/>
<file href="media/panorama_867E0801_8A76_2071_41CC_9ED378D879DD_0/f/1/1_1.webp"/>
<file href="media/panorama_867E0801_8A76_2071_41CC_9ED378D879DD_0/b/1/0_0.webp"/>
<file href="media/panorama_867E0801_8A76_2071_41CC_9ED378D879DD_0/b/1/0_1.webp"/>
<file href="media/panorama_867E0801_8A76_2071_41CC_9ED378D879DD_0/b/1/1_0.webp"/>
<file href="media/panorama_867E0801_8A76_2071_41CC_9ED378D879DD_0/b/1/1_1.webp"/>
<file href="media/panorama_867E792A_8A76_20B3_41D7_D9BD29C97E16_0/r/1/0_0.webp"/>
<file href="media/panorama_867E792A_8A76_20B3_41D7_D9BD29C97E16_0/r/1/0_1.webp"/>
<file href="media/panorama_867E792A_8A76_20B3_41D7_D9BD29C97E16_0/r/1/1_0.webp"/>
<file href="media/panorama_867E792A_8A76_20B3_41D7_D9BD29C97E16_0/r/1/1_1.webp"/>
<file href="media/panorama_867E792A_8A76_20B3_41D7_D9BD29C97E16_0/l/1/0_0.webp"/>
<file href="media/panorama_867E792A_8A76_20B3_41D7_D9BD29C97E16_0/l/1/0_1.webp"/>
<file href="media/panorama_867E792A_8A76_20B3_41D7_D9BD29C97E16_0/l/1/1_0.webp"/>
<file href="media/panorama_867E792A_8A76_20B3_41D7_D9BD29C97E16_0/l/1/1_1.webp"/>
<file href="media/panorama_867E792A_8A76_20B3_41D7_D9BD29C97E16_0/u/1/0_0.webp"/>
<file href="media/panorama_867E792A_8A76_20B3_41D7_D9BD29C97E16_0/u/1/0_1.webp"/>
<file href="media/panorama_867E792A_8A76_20B3_41D7_D9BD29C97E16_0/u/1/1_0.webp"/>
<file href="media/panorama_867E792A_8A76_20B3_41D7_D9BD29C97E16_0/u/1/1_1.webp"/>
<file href="media/panorama_867E792A_8A76_20B3_41D7_D9BD29C97E16_0/d/1/0_0.webp"/>
<file href="media/panorama_867E792A_8A76_20B3_41D7_D9BD29C97E16_0/d/1/0_1.webp"/>
<file href="media/panorama_867E792A_8A76_20B3_41D7_D9BD29C97E16_0/d/1/1_0.webp"/>
<file href="media/panorama_867E792A_8A76_20B3_41D7_D9BD29C97E16_0/d/1/1_1.webp"/>
<file href="media/panorama_867E792A_8A76_20B3_41D7_D9BD29C97E16_0/f/1/0_0.webp"/>
<file href="media/panorama_867E792A_8A76_20B3_41D7_D9BD29C97E16_0/f/1/0_1.webp"/>
<file href="media/panorama_867E792A_8A76_20B3_41D7_D9BD29C97E16_0/f/1/1_0.webp"/>
<file href="media/panorama_867E792A_8A76_20B3_41D7_D9BD29C97E16_0/f/1/1_1.webp"/>
<file href="media/panorama_867E792A_8A76_20B3_41D7_D9BD29C97E16_0/b/1/0_0.webp"/>
<file href="media/panorama_867E792A_8A76_20B3_41D7_D9BD29C97E16_0/b/1/0_1.webp"/>
<file href="media/panorama_867E792A_8A76_20B3_41D7_D9BD29C97E16_0/b/1/1_0.webp"/>
<file href="media/panorama_867E792A_8A76_20B3_41D7_D9BD29C97E16_0/b/1/1_1.webp"/>
<file href="media/panorama_875552D0_8A76_21EF_41C0_4B9FAC0D7010_0/r/1/0_0.webp"/>
<file href="media/panorama_875552D0_8A76_21EF_41C0_4B9FAC0D7010_0/r/1/0_1.webp"/>
<file href="media/panorama_875552D0_8A76_21EF_41C0_4B9FAC0D7010_0/r/1/1_0.webp"/>
<file href="media/panorama_875552D0_8A76_21EF_41C0_4B9FAC0D7010_0/r/1/1_1.webp"/>
<file href="media/panorama_875552D0_8A76_21EF_41C0_4B9FAC0D7010_0/l/1/0_0.webp"/>
<file href="media/panorama_875552D0_8A76_21EF_41C0_4B9FAC0D7010_0/l/1/0_1.webp"/>
<file href="media/panorama_875552D0_8A76_21EF_41C0_4B9FAC0D7010_0/l/1/1_0.webp"/>
<file href="media/panorama_875552D0_8A76_21EF_41C0_4B9FAC0D7010_0/l/1/1_1.webp"/>
<file href="media/panorama_875552D0_8A76_21EF_41C0_4B9FAC0D7010_0/u/1/0_0.webp"/>
<file href="media/panorama_875552D0_8A76_21EF_41C0_4B9FAC0D7010_0/u/1/0_1.webp"/>
<file href="media/panorama_875552D0_8A76_21EF_41C0_4B9FAC0D7010_0/u/1/1_0.webp"/>
<file href="media/panorama_875552D0_8A76_21EF_41C0_4B9FAC0D7010_0/u/1/1_1.webp"/>
<file href="media/panorama_875552D0_8A76_21EF_41C0_4B9FAC0D7010_0/d/1/0_0.webp"/>
<file href="media/panorama_875552D0_8A76_21EF_41C0_4B9FAC0D7010_0/d/1/0_1.webp"/>
<file href="media/panorama_875552D0_8A76_21EF_41C0_4B9FAC0D7010_0/d/1/1_0.webp"/>
<file href="media/panorama_875552D0_8A76_21EF_41C0_4B9FAC0D7010_0/d/1/1_1.webp"/>
<file href="media/panorama_875552D0_8A76_21EF_41C0_4B9FAC0D7010_0/f/1/0_0.webp"/>
<file href="media/panorama_875552D0_8A76_21EF_41C0_4B9FAC0D7010_0/f/1/0_1.webp"/>
<file href="media/panorama_875552D0_8A76_21EF_41C0_4B9FAC0D7010_0/f/1/1_0.webp"/>
<file href="media/panorama_875552D0_8A76_21EF_41C0_4B9FAC0D7010_0/f/1/1_1.webp"/>
<file href="media/panorama_875552D0_8A76_21EF_41C0_4B9FAC0D7010_0/b/1/0_0.webp"/>
<file href="media/panorama_875552D0_8A76_21EF_41C0_4B9FAC0D7010_0/b/1/0_1.webp"/>
<file href="media/panorama_875552D0_8A76_21EF_41C0_4B9FAC0D7010_0/b/1/1_0.webp"/>
<file href="media/panorama_875552D0_8A76_21EF_41C0_4B9FAC0D7010_0/b/1/1_1.webp"/>
<file href="media/panorama_8664546F_8A76_20B1_41B9_F010D9AFCBCC_0/r/1/0_0.webp"/>
<file href="media/panorama_8664546F_8A76_20B1_41B9_F010D9AFCBCC_0/r/1/0_1.webp"/>
<file href="media/panorama_8664546F_8A76_20B1_41B9_F010D9AFCBCC_0/r/1/1_0.webp"/>
<file href="media/panorama_8664546F_8A76_20B1_41B9_F010D9AFCBCC_0/r/1/1_1.webp"/>
<file href="media/panorama_8664546F_8A76_20B1_41B9_F010D9AFCBCC_0/l/1/0_0.webp"/>
<file href="media/panorama_8664546F_8A76_20B1_41B9_F010D9AFCBCC_0/l/1/0_1.webp"/>
<file href="media/panorama_8664546F_8A76_20B1_41B9_F010D9AFCBCC_0/l/1/1_0.webp"/>
<file href="media/panorama_8664546F_8A76_20B1_41B9_F010D9AFCBCC_0/l/1/1_1.webp"/>
<file href="media/panorama_8664546F_8A76_20B1_41B9_F010D9AFCBCC_0/u/1/0_0.webp"/>
<file href="media/panorama_8664546F_8A76_20B1_41B9_F010D9AFCBCC_0/u/1/0_1.webp"/>
<file href="media/panorama_8664546F_8A76_20B1_41B9_F010D9AFCBCC_0/u/1/1_0.webp"/>
<file href="media/panorama_8664546F_8A76_20B1_41B9_F010D9AFCBCC_0/u/1/1_1.webp"/>
<file href="media/panorama_8664546F_8A76_20B1_41B9_F010D9AFCBCC_0/d/1/0_0.webp"/>
<file href="media/panorama_8664546F_8A76_20B1_41B9_F010D9AFCBCC_0/d/1/0_1.webp"/>
<file href="media/panorama_8664546F_8A76_20B1_41B9_F010D9AFCBCC_0/d/1/1_0.webp"/>
<file href="media/panorama_8664546F_8A76_20B1_41B9_F010D9AFCBCC_0/d/1/1_1.webp"/>
<file href="media/panorama_8664546F_8A76_20B1_41B9_F010D9AFCBCC_0/f/1/0_0.webp"/>
<file href="media/panorama_8664546F_8A76_20B1_41B9_F010D9AFCBCC_0/f/1/0_1.webp"/>
<file href="media/panorama_8664546F_8A76_20B1_41B9_F010D9AFCBCC_0/f/1/1_0.webp"/>
<file href="media/panorama_8664546F_8A76_20B1_41B9_F010D9AFCBCC_0/f/1/1_1.webp"/>
<file href="media/panorama_8664546F_8A76_20B1_41B9_F010D9AFCBCC_0/b/1/0_0.webp"/>
<file href="media/panorama_8664546F_8A76_20B1_41B9_F010D9AFCBCC_0/b/1/0_1.webp"/>
<file href="media/panorama_8664546F_8A76_20B1_41B9_F010D9AFCBCC_0/b/1/1_0.webp"/>
<file href="media/panorama_8664546F_8A76_20B1_41B9_F010D9AFCBCC_0/b/1/1_1.webp"/>
<file href="media/panorama_867F182C_8A76_E0B7_41DC_9A31F635DD2A_0/r/1/0_0.webp"/>
<file href="media/panorama_867F182C_8A76_E0B7_41DC_9A31F635DD2A_0/r/1/0_1.webp"/>
<file href="media/panorama_867F182C_8A76_E0B7_41DC_9A31F635DD2A_0/r/1/1_0.webp"/>
<file href="media/panorama_867F182C_8A76_E0B7_41DC_9A31F635DD2A_0/r/1/1_1.webp"/>
<file href="media/panorama_867F182C_8A76_E0B7_41DC_9A31F635DD2A_0/l/1/0_0.webp"/>
<file href="media/panorama_867F182C_8A76_E0B7_41DC_9A31F635DD2A_0/l/1/0_1.webp"/>
<file href="media/panorama_867F182C_8A76_E0B7_41DC_9A31F635DD2A_0/l/1/1_0.webp"/>
<file href="media/panorama_867F182C_8A76_E0B7_41DC_9A31F635DD2A_0/l/1/1_1.webp"/>
<file href="media/panorama_867F182C_8A76_E0B7_41DC_9A31F635DD2A_0/u/1/0_0.webp"/>
<file href="media/panorama_867F182C_8A76_E0B7_41DC_9A31F635DD2A_0/u/1/0_1.webp"/>
<file href="media/panorama_867F182C_8A76_E0B7_41DC_9A31F635DD2A_0/u/1/1_0.webp"/>
<file href="media/panorama_867F182C_8A76_E0B7_41DC_9A31F635DD2A_0/u/1/1_1.webp"/>
<file href="media/panorama_867F182C_8A76_E0B7_41DC_9A31F635DD2A_0/d/1/0_0.webp"/>
<file href="media/panorama_867F182C_8A76_E0B7_41DC_9A31F635DD2A_0/d/1/0_1.webp"/>
<file href="media/panorama_867F182C_8A76_E0B7_41DC_9A31F635DD2A_0/d/1/1_0.webp"/>
<file href="media/panorama_867F182C_8A76_E0B7_41DC_9A31F635DD2A_0/d/1/1_1.webp"/>
<file href="media/panorama_867F182C_8A76_E0B7_41DC_9A31F635DD2A_0/f/1/0_0.webp"/>
<file href="media/panorama_867F182C_8A76_E0B7_41DC_9A31F635DD2A_0/f/1/0_1.webp"/>
<file href="media/panorama_867F182C_8A76_E0B7_41DC_9A31F635DD2A_0/f/1/1_0.webp"/>
<file href="media/panorama_867F182C_8A76_E0B7_41DC_9A31F635DD2A_0/f/1/1_1.webp"/>
<file href="media/panorama_867F182C_8A76_E0B7_41DC_9A31F635DD2A_0/b/1/0_0.webp"/>
<file href="media/panorama_867F182C_8A76_E0B7_41DC_9A31F635DD2A_0/b/1/0_1.webp"/>
<file href="media/panorama_867F182C_8A76_E0B7_41DC_9A31F635DD2A_0/b/1/1_0.webp"/>
<file href="media/panorama_867F182C_8A76_E0B7_41DC_9A31F635DD2A_0/b/1/1_1.webp"/>
<file href="media/panorama_867F182C_8A76_E0B7_41DC_9A31F635DD2A_0/r/2/0_0.webp"/>
<file href="media/panorama_867F182C_8A76_E0B7_41DC_9A31F635DD2A_0/l/2/0_0.webp"/>
<file href="media/panorama_867F182C_8A76_E0B7_41DC_9A31F635DD2A_0/u/2/0_0.webp"/>
<file href="media/panorama_867F182C_8A76_E0B7_41DC_9A31F635DD2A_0/d/2/0_0.webp"/>
<file href="media/panorama_867F182C_8A76_E0B7_41DC_9A31F635DD2A_0/f/2/0_0.webp"/>
<file href="media/panorama_867F182C_8A76_E0B7_41DC_9A31F635DD2A_0/b/2/0_0.webp"/>
<file href="media/panorama_867F182C_8A76_E0B7_41DC_9A31F635DD2A_0/r/0/2_1.webp"/>
<file href="media/panorama_867F182C_8A76_E0B7_41DC_9A31F635DD2A_0/r/0/0_0.webp"/>
<file href="media/panorama_867F182C_8A76_E0B7_41DC_9A31F635DD2A_0/r/0/0_1.webp"/>
<file href="media/panorama_867F182C_8A76_E0B7_41DC_9A31F635DD2A_0/r/0/2_0.webp"/>
<file href="media/panorama_867F182C_8A76_E0B7_41DC_9A31F635DD2A_0/r/0/3_3.webp"/>
<file href="media/panorama_867F182C_8A76_E0B7_41DC_9A31F635DD2A_0/r/0/1_2.webp"/>
<file href="media/panorama_867F182C_8A76_E0B7_41DC_9A31F635DD2A_0/r/0/1_3.webp"/>
<file href="media/panorama_867F182C_8A76_E0B7_41DC_9A31F635DD2A_0/r/0/3_2.webp"/>
<file href="media/panorama_867F182C_8A76_E0B7_41DC_9A31F635DD2A_0/r/0/1_0.webp"/>
<file href="media/panorama_867F182C_8A76_E0B7_41DC_9A31F635DD2A_0/r/0/3_1.webp"/>
<file href="media/panorama_867F182C_8A76_E0B7_41DC_9A31F635DD2A_0/r/0/3_0.webp"/>
<file href="media/panorama_867F182C_8A76_E0B7_41DC_9A31F635DD2A_0/r/0/1_1.webp"/>
<file href="media/panorama_867F182C_8A76_E0B7_41DC_9A31F635DD2A_0/r/0/0_2.webp"/>
<file href="media/panorama_867F182C_8A76_E0B7_41DC_9A31F635DD2A_0/r/0/2_3.webp"/>
<file href="media/panorama_867F182C_8A76_E0B7_41DC_9A31F635DD2A_0/r/0/2_2.webp"/>
<file href="media/panorama_867F182C_8A76_E0B7_41DC_9A31F635DD2A_0/r/0/0_3.webp"/>
<file href="media/panorama_867F182C_8A76_E0B7_41DC_9A31F635DD2A_0/l/0/2_1.webp"/>
<file href="media/panorama_867F182C_8A76_E0B7_41DC_9A31F635DD2A_0/l/0/0_0.webp"/>
<file href="media/panorama_867F182C_8A76_E0B7_41DC_9A31F635DD2A_0/l/0/0_1.webp"/>
<file href="media/panorama_867F182C_8A76_E0B7_41DC_9A31F635DD2A_0/l/0/2_0.webp"/>
<file href="media/panorama_867F182C_8A76_E0B7_41DC_9A31F635DD2A_0/l/0/3_3.webp"/>
<file href="media/panorama_867F182C_8A76_E0B7_41DC_9A31F635DD2A_0/l/0/1_2.webp"/>
<file href="media/panorama_867F182C_8A76_E0B7_41DC_9A31F635DD2A_0/l/0/1_3.webp"/>
<file href="media/panorama_867F182C_8A76_E0B7_41DC_9A31F635DD2A_0/l/0/3_2.webp"/>
<file href="media/panorama_867F182C_8A76_E0B7_41DC_9A31F635DD2A_0/l/0/1_0.webp"/>
<file href="media/panorama_867F182C_8A76_E0B7_41DC_9A31F635DD2A_0/l/0/3_1.webp"/>
<file href="media/panorama_867F182C_8A76_E0B7_41DC_9A31F635DD2A_0/l/0/3_0.webp"/>
<file href="media/panorama_867F182C_8A76_E0B7_41DC_9A31F635DD2A_0/l/0/1_1.webp"/>
<file href="media/panorama_867F182C_8A76_E0B7_41DC_9A31F635DD2A_0/l/0/0_2.webp"/>
<file href="media/panorama_867F182C_8A76_E0B7_41DC_9A31F635DD2A_0/l/0/2_3.webp"/>
<file href="media/panorama_867F182C_8A76_E0B7_41DC_9A31F635DD2A_0/l/0/2_2.webp"/>
<file href="media/panorama_867F182C_8A76_E0B7_41DC_9A31F635DD2A_0/l/0/0_3.webp"/>
<file href="media/panorama_867F182C_8A76_E0B7_41DC_9A31F635DD2A_0/u/0/2_1.webp"/>
<file href="media/panorama_867F182C_8A76_E0B7_41DC_9A31F635DD2A_0/u/0/0_0.webp"/>
<file href="media/panorama_867F182C_8A76_E0B7_41DC_9A31F635DD2A_0/u/0/0_1.webp"/>
<file href="media/panorama_867F182C_8A76_E0B7_41DC_9A31F635DD2A_0/u/0/2_0.webp"/>
<file href="media/panorama_867F182C_8A76_E0B7_41DC_9A31F635DD2A_0/u/0/3_3.webp"/>
<file href="media/panorama_867F182C_8A76_E0B7_41DC_9A31F635DD2A_0/u/0/1_2.webp"/>
<file href="media/panorama_867F182C_8A76_E0B7_41DC_9A31F635DD2A_0/u/0/1_3.webp"/>
<file href="media/panorama_867F182C_8A76_E0B7_41DC_9A31F635DD2A_0/u/0/3_2.webp"/>
<file href="media/panorama_867F182C_8A76_E0B7_41DC_9A31F635DD2A_0/u/0/1_0.webp"/>
<file href="media/panorama_867F182C_8A76_E0B7_41DC_9A31F635DD2A_0/u/0/3_1.webp"/>
<file href="media/panorama_867F182C_8A76_E0B7_41DC_9A31F635DD2A_0/u/0/3_0.webp"/>
<file href="media/panorama_867F182C_8A76_E0B7_41DC_9A31F635DD2A_0/u/0/1_1.webp"/>
<file href="media/panorama_867F182C_8A76_E0B7_41DC_9A31F635DD2A_0/u/0/0_2.webp"/>
<file href="media/panorama_867F182C_8A76_E0B7_41DC_9A31F635DD2A_0/u/0/2_3.webp"/>
<file href="media/panorama_867F182C_8A76_E0B7_41DC_9A31F635DD2A_0/u/0/2_2.webp"/>
<file href="media/panorama_867F182C_8A76_E0B7_41DC_9A31F635DD2A_0/u/0/0_3.webp"/>
<file href="media/panorama_867F182C_8A76_E0B7_41DC_9A31F635DD2A_0/d/0/2_1.webp"/>
<file href="media/panorama_867F182C_8A76_E0B7_41DC_9A31F635DD2A_0/d/0/0_0.webp"/>
<file href="media/panorama_867F182C_8A76_E0B7_41DC_9A31F635DD2A_0/d/0/0_1.webp"/>
<file href="media/panorama_867F182C_8A76_E0B7_41DC_9A31F635DD2A_0/d/0/2_0.webp"/>
<file href="media/panorama_867F182C_8A76_E0B7_41DC_9A31F635DD2A_0/d/0/3_3.webp"/>
<file href="media/panorama_867F182C_8A76_E0B7_41DC_9A31F635DD2A_0/d/0/1_2.webp"/>
<file href="media/panorama_867F182C_8A76_E0B7_41DC_9A31F635DD2A_0/d/0/1_3.webp"/>
<file href="media/panorama_867F182C_8A76_E0B7_41DC_9A31F635DD2A_0/d/0/3_2.webp"/>
<file href="media/panorama_867F182C_8A76_E0B7_41DC_9A31F635DD2A_0/d/0/1_0.webp"/>
<file href="media/panorama_867F182C_8A76_E0B7_41DC_9A31F635DD2A_0/d/0/3_1.webp"/>
<file href="media/panorama_867F182C_8A76_E0B7_41DC_9A31F635DD2A_0/d/0/3_0.webp"/>
<file href="media/panorama_867F182C_8A76_E0B7_41DC_9A31F635DD2A_0/d/0/1_1.webp"/>
<file href="media/panorama_867F182C_8A76_E0B7_41DC_9A31F635DD2A_0/d/0/0_2.webp"/>
<file href="media/panorama_867F182C_8A76_E0B7_41DC_9A31F635DD2A_0/d/0/2_3.webp"/>
<file href="media/panorama_867F182C_8A76_E0B7_41DC_9A31F635DD2A_0/d/0/2_2.webp"/>
<file href="media/panorama_867F182C_8A76_E0B7_41DC_9A31F635DD2A_0/d/0/0_3.webp"/>
<file href="media/panorama_867F182C_8A76_E0B7_41DC_9A31F635DD2A_0/f/0/2_1.webp"/>
<file href="media/panorama_867F182C_8A76_E0B7_41DC_9A31F635DD2A_0/f/0/0_0.webp"/>
<file href="media/panorama_867F182C_8A76_E0B7_41DC_9A31F635DD2A_0/f/0/0_1.webp"/>
<file href="media/panorama_867F182C_8A76_E0B7_41DC_9A31F635DD2A_0/f/0/2_0.webp"/>
<file href="media/panorama_867F182C_8A76_E0B7_41DC_9A31F635DD2A_0/f/0/3_3.webp"/>
<file href="media/panorama_867F182C_8A76_E0B7_41DC_9A31F635DD2A_0/f/0/1_2.webp"/>
<file href="media/panorama_867F182C_8A76_E0B7_41DC_9A31F635DD2A_0/f/0/1_3.webp"/>
<file href="media/panorama_867F182C_8A76_E0B7_41DC_9A31F635DD2A_0/f/0/3_2.webp"/>
<file href="media/panorama_867F182C_8A76_E0B7_41DC_9A31F635DD2A_0/f/0/1_0.webp"/>
<file href="media/panorama_867F182C_8A76_E0B7_41DC_9A31F635DD2A_0/f/0/3_1.webp"/>
<file href="media/panorama_867F182C_8A76_E0B7_41DC_9A31F635DD2A_0/f/0/3_0.webp"/>
<file href="media/panorama_867F182C_8A76_E0B7_41DC_9A31F635DD2A_0/f/0/1_1.webp"/>
<file href="media/panorama_867F182C_8A76_E0B7_41DC_9A31F635DD2A_0/f/0/0_2.webp"/>
<file href="media/panorama_867F182C_8A76_E0B7_41DC_9A31F635DD2A_0/f/0/2_3.webp"/>
<file href="media/panorama_867F182C_8A76_E0B7_41DC_9A31F635DD2A_0/f/0/2_2.webp"/>
<file href="media/panorama_867F182C_8A76_E0B7_41DC_9A31F635DD2A_0/f/0/0_3.webp"/>
<file href="media/panorama_867F182C_8A76_E0B7_41DC_9A31F635DD2A_0/b/0/2_1.webp"/>
<file href="media/panorama_867F182C_8A76_E0B7_41DC_9A31F635DD2A_0/b/0/0_0.webp"/>
<file href="media/panorama_867F182C_8A76_E0B7_41DC_9A31F635DD2A_0/b/0/0_1.webp"/>
<file href="media/panorama_867F182C_8A76_E0B7_41DC_9A31F635DD2A_0/b/0/2_0.webp"/>
<file href="media/panorama_867F182C_8A76_E0B7_41DC_9A31F635DD2A_0/b/0/3_3.webp"/>
<file href="media/panorama_867F182C_8A76_E0B7_41DC_9A31F635DD2A_0/b/0/1_2.webp"/>
<file href="media/panorama_867F182C_8A76_E0B7_41DC_9A31F635DD2A_0/b/0/1_3.webp"/>
<file href="media/panorama_867F182C_8A76_E0B7_41DC_9A31F635DD2A_0/b/0/3_2.webp"/>
<file href="media/panorama_867F182C_8A76_E0B7_41DC_9A31F635DD2A_0/b/0/1_0.webp"/>
<file href="media/panorama_867F182C_8A76_E0B7_41DC_9A31F635DD2A_0/b/0/3_1.webp"/>
<file href="media/panorama_867F182C_8A76_E0B7_41DC_9A31F635DD2A_0/b/0/3_0.webp"/>
<file href="media/panorama_867F182C_8A76_E0B7_41DC_9A31F635DD2A_0/b/0/1_1.webp"/>
<file href="media/panorama_867F182C_8A76_E0B7_41DC_9A31F635DD2A_0/b/0/0_2.webp"/>
<file href="media/panorama_867F182C_8A76_E0B7_41DC_9A31F635DD2A_0/b/0/2_3.webp"/>
<file href="media/panorama_867F182C_8A76_E0B7_41DC_9A31F635DD2A_0/b/0/2_2.webp"/>
<file href="media/panorama_867F182C_8A76_E0B7_41DC_9A31F635DD2A_0/b/0/0_3.webp"/>
<file href="media/panorama_867F67CC_8A76_EFF7_41DC_6C5FF21ABE62_0/r/0/2_1.webp"/>
<file href="media/panorama_867F67CC_8A76_EFF7_41DC_6C5FF21ABE62_0/r/0/0_0.webp"/>
<file href="media/panorama_867F67CC_8A76_EFF7_41DC_6C5FF21ABE62_0/r/0/0_1.webp"/>
<file href="media/panorama_867F67CC_8A76_EFF7_41DC_6C5FF21ABE62_0/r/0/2_0.webp"/>
<file href="media/panorama_867F67CC_8A76_EFF7_41DC_6C5FF21ABE62_0/r/0/3_3.webp"/>
<file href="media/panorama_867F67CC_8A76_EFF7_41DC_6C5FF21ABE62_0/r/0/1_2.webp"/>
<file href="media/panorama_867F67CC_8A76_EFF7_41DC_6C5FF21ABE62_0/r/0/1_3.webp"/>
<file href="media/panorama_867F67CC_8A76_EFF7_41DC_6C5FF21ABE62_0/r/0/3_2.webp"/>
<file href="media/panorama_867F67CC_8A76_EFF7_41DC_6C5FF21ABE62_0/r/0/1_0.webp"/>
<file href="media/panorama_867F67CC_8A76_EFF7_41DC_6C5FF21ABE62_0/r/0/3_1.webp"/>
<file href="media/panorama_867F67CC_8A76_EFF7_41DC_6C5FF21ABE62_0/r/0/3_0.webp"/>
<file href="media/panorama_867F67CC_8A76_EFF7_41DC_6C5FF21ABE62_0/r/0/1_1.webp"/>
<file href="media/panorama_867F67CC_8A76_EFF7_41DC_6C5FF21ABE62_0/r/0/0_2.webp"/>
<file href="media/panorama_867F67CC_8A76_EFF7_41DC_6C5FF21ABE62_0/r/0/2_3.webp"/>
<file href="media/panorama_867F67CC_8A76_EFF7_41DC_6C5FF21ABE62_0/r/0/2_2.webp"/>
<file href="media/panorama_867F67CC_8A76_EFF7_41DC_6C5FF21ABE62_0/r/0/0_3.webp"/>
<file href="media/panorama_867F67CC_8A76_EFF7_41DC_6C5FF21ABE62_0/l/0/2_1.webp"/>
<file href="media/panorama_867F67CC_8A76_EFF7_41DC_6C5FF21ABE62_0/l/0/0_0.webp"/>
<file href="media/panorama_867F67CC_8A76_EFF7_41DC_6C5FF21ABE62_0/l/0/0_1.webp"/>
<file href="media/panorama_867F67CC_8A76_EFF7_41DC_6C5FF21ABE62_0/l/0/2_0.webp"/>
<file href="media/panorama_867F67CC_8A76_EFF7_41DC_6C5FF21ABE62_0/l/0/3_3.webp"/>
<file href="media/panorama_867F67CC_8A76_EFF7_41DC_6C5FF21ABE62_0/l/0/1_2.webp"/>
<file href="media/panorama_867F67CC_8A76_EFF7_41DC_6C5FF21ABE62_0/l/0/1_3.webp"/>
<file href="media/panorama_867F67CC_8A76_EFF7_41DC_6C5FF21ABE62_0/l/0/3_2.webp"/>
<file href="media/panorama_867F67CC_8A76_EFF7_41DC_6C5FF21ABE62_0/l/0/1_0.webp"/>
<file href="media/panorama_867F67CC_8A76_EFF7_41DC_6C5FF21ABE62_0/l/0/3_1.webp"/>
<file href="media/panorama_867F67CC_8A76_EFF7_41DC_6C5FF21ABE62_0/l/0/3_0.webp"/>
<file href="media/panorama_867F67CC_8A76_EFF7_41DC_6C5FF21ABE62_0/l/0/1_1.webp"/>
<file href="media/panorama_867F67CC_8A76_EFF7_41DC_6C5FF21ABE62_0/l/0/0_2.webp"/>
<file href="media/panorama_867F67CC_8A76_EFF7_41DC_6C5FF21ABE62_0/l/0/2_3.webp"/>
<file href="media/panorama_867F67CC_8A76_EFF7_41DC_6C5FF21ABE62_0/l/0/2_2.webp"/>
<file href="media/panorama_867F67CC_8A76_EFF7_41DC_6C5FF21ABE62_0/l/0/0_3.webp"/>
<file href="media/panorama_867F67CC_8A76_EFF7_41DC_6C5FF21ABE62_0/u/0/2_1.webp"/>
<file href="media/panorama_867F67CC_8A76_EFF7_41DC_6C5FF21ABE62_0/u/0/0_0.webp"/>
<file href="media/panorama_867F67CC_8A76_EFF7_41DC_6C5FF21ABE62_0/u/0/0_1.webp"/>
<file href="media/panorama_867F67CC_8A76_EFF7_41DC_6C5FF21ABE62_0/u/0/2_0.webp"/>
<file href="media/panorama_867F67CC_8A76_EFF7_41DC_6C5FF21ABE62_0/u/0/3_3.webp"/>
<file href="media/panorama_867F67CC_8A76_EFF7_41DC_6C5FF21ABE62_0/u/0/1_2.webp"/>
<file href="media/panorama_867F67CC_8A76_EFF7_41DC_6C5FF21ABE62_0/u/0/1_3.webp"/>
<file href="media/panorama_867F67CC_8A76_EFF7_41DC_6C5FF21ABE62_0/u/0/3_2.webp"/>
<file href="media/panorama_867F67CC_8A76_EFF7_41DC_6C5FF21ABE62_0/u/0/1_0.webp"/>
<file href="media/panorama_867F67CC_8A76_EFF7_41DC_6C5FF21ABE62_0/u/0/3_1.webp"/>
<file href="media/panorama_867F67CC_8A76_EFF7_41DC_6C5FF21ABE62_0/u/0/3_0.webp"/>
<file href="media/panorama_867F67CC_8A76_EFF7_41DC_6C5FF21ABE62_0/u/0/1_1.webp"/>
<file href="media/panorama_867F67CC_8A76_EFF7_41DC_6C5FF21ABE62_0/u/0/0_2.webp"/>
<file href="media/panorama_867F67CC_8A76_EFF7_41DC_6C5FF21ABE62_0/u/0/2_3.webp"/>
<file href="media/panorama_867F67CC_8A76_EFF7_41DC_6C5FF21ABE62_0/u/0/2_2.webp"/>
<file href="media/panorama_867F67CC_8A76_EFF7_41DC_6C5FF21ABE62_0/u/0/0_3.webp"/>
<file href="media/panorama_867F67CC_8A76_EFF7_41DC_6C5FF21ABE62_0/d/0/2_1.webp"/>
<file href="media/panorama_867F67CC_8A76_EFF7_41DC_6C5FF21ABE62_0/d/0/0_0.webp"/>
<file href="media/panorama_867F67CC_8A76_EFF7_41DC_6C5FF21ABE62_0/d/0/0_1.webp"/>
<file href="media/panorama_867F67CC_8A76_EFF7_41DC_6C5FF21ABE62_0/d/0/2_0.webp"/>
<file href="media/panorama_867F67CC_8A76_EFF7_41DC_6C5FF21ABE62_0/d/0/3_3.webp"/>
<file href="media/panorama_867F67CC_8A76_EFF7_41DC_6C5FF21ABE62_0/d/0/1_2.webp"/>
<file href="media/panorama_867F67CC_8A76_EFF7_41DC_6C5FF21ABE62_0/d/0/1_3.webp"/>
<file href="media/panorama_867F67CC_8A76_EFF7_41DC_6C5FF21ABE62_0/d/0/3_2.webp"/>
<file href="media/panorama_867F67CC_8A76_EFF7_41DC_6C5FF21ABE62_0/d/0/1_0.webp"/>
<file href="media/panorama_867F67CC_8A76_EFF7_41DC_6C5FF21ABE62_0/d/0/3_1.webp"/>
<file href="media/panorama_867F67CC_8A76_EFF7_41DC_6C5FF21ABE62_0/d/0/3_0.webp"/>
<file href="media/panorama_867F67CC_8A76_EFF7_41DC_6C5FF21ABE62_0/d/0/1_1.webp"/>
<file href="media/panorama_867F67CC_8A76_EFF7_41DC_6C5FF21ABE62_0/d/0/0_2.webp"/>
<file href="media/panorama_867F67CC_8A76_EFF7_41DC_6C5FF21ABE62_0/d/0/2_3.webp"/>
<file href="media/panorama_867F67CC_8A76_EFF7_41DC_6C5FF21ABE62_0/d/0/2_2.webp"/>
<file href="media/panorama_867F67CC_8A76_EFF7_41DC_6C5FF21ABE62_0/d/0/0_3.webp"/>
<file href="media/panorama_867F67CC_8A76_EFF7_41DC_6C5FF21ABE62_0/f/0/2_1.webp"/>
<file href="media/panorama_867F67CC_8A76_EFF7_41DC_6C5FF21ABE62_0/f/0/0_0.webp"/>
<file href="media/panorama_867F67CC_8A76_EFF7_41DC_6C5FF21ABE62_0/f/0/0_1.webp"/>
<file href="media/panorama_867F67CC_8A76_EFF7_41DC_6C5FF21ABE62_0/f/0/2_0.webp"/>
<file href="media/panorama_867F67CC_8A76_EFF7_41DC_6C5FF21ABE62_0/f/0/3_3.webp"/>
<file href="media/panorama_867F67CC_8A76_EFF7_41DC_6C5FF21ABE62_0/f/0/1_2.webp"/>
<file href="media/panorama_867F67CC_8A76_EFF7_41DC_6C5FF21ABE62_0/f/0/1_3.webp"/>
<file href="media/panorama_867F67CC_8A76_EFF7_41DC_6C5FF21ABE62_0/f/0/3_2.webp"/>
<file href="media/panorama_867F67CC_8A76_EFF7_41DC_6C5FF21ABE62_0/f/0/1_0.webp"/>
<file href="media/panorama_867F67CC_8A76_EFF7_41DC_6C5FF21ABE62_0/f/0/3_1.webp"/>
<file href="media/panorama_867F67CC_8A76_EFF7_41DC_6C5FF21ABE62_0/f/0/3_0.webp"/>
<file href="media/panorama_867F67CC_8A76_EFF7_41DC_6C5FF21ABE62_0/f/0/1_1.webp"/>
<file href="media/panorama_867F67CC_8A76_EFF7_41DC_6C5FF21ABE62_0/f/0/0_2.webp"/>
<file href="media/panorama_867F67CC_8A76_EFF7_41DC_6C5FF21ABE62_0/f/0/2_3.webp"/>
<file href="media/panorama_867F67CC_8A76_EFF7_41DC_6C5FF21ABE62_0/f/0/2_2.webp"/>
<file href="media/panorama_867F67CC_8A76_EFF7_41DC_6C5FF21ABE62_0/f/0/0_3.webp"/>
<file href="media/panorama_867F67CC_8A76_EFF7_41DC_6C5FF21ABE62_0/b/0/2_1.webp"/>
<file href="media/panorama_867F67CC_8A76_EFF7_41DC_6C5FF21ABE62_0/b/0/0_0.webp"/>
<file href="media/panorama_867F67CC_8A76_EFF7_41DC_6C5FF21ABE62_0/b/0/0_1.webp"/>
<file href="media/panorama_867F67CC_8A76_EFF7_41DC_6C5FF21ABE62_0/b/0/2_0.webp"/>
<file href="media/panorama_867F67CC_8A76_EFF7_41DC_6C5FF21ABE62_0/b/0/3_3.webp"/>
<file href="media/panorama_867F67CC_8A76_EFF7_41DC_6C5FF21ABE62_0/b/0/1_2.webp"/>
<file href="media/panorama_867F67CC_8A76_EFF7_41DC_6C5FF21ABE62_0/b/0/1_3.webp"/>
<file href="media/panorama_867F67CC_8A76_EFF7_41DC_6C5FF21ABE62_0/b/0/3_2.webp"/>
<file href="media/panorama_867F67CC_8A76_EFF7_41DC_6C5FF21ABE62_0/b/0/1_0.webp"/>
<file href="media/panorama_867F67CC_8A76_EFF7_41DC_6C5FF21ABE62_0/b/0/3_1.webp"/>
<file href="media/panorama_867F67CC_8A76_EFF7_41DC_6C5FF21ABE62_0/b/0/3_0.webp"/>
<file href="media/panorama_867F67CC_8A76_EFF7_41DC_6C5FF21ABE62_0/b/0/1_1.webp"/>
<file href="media/panorama_867F67CC_8A76_EFF7_41DC_6C5FF21ABE62_0/b/0/0_2.webp"/>
<file href="media/panorama_867F67CC_8A76_EFF7_41DC_6C5FF21ABE62_0/b/0/2_3.webp"/>
<file href="media/panorama_867F67CC_8A76_EFF7_41DC_6C5FF21ABE62_0/b/0/2_2.webp"/>
<file href="media/panorama_867F67CC_8A76_EFF7_41DC_6C5FF21ABE62_0/b/0/0_3.webp"/>
<file href="media/panorama_867F67CC_8A76_EFF7_41DC_6C5FF21ABE62_0/r/2/0_0.webp"/>
<file href="media/panorama_867F67CC_8A76_EFF7_41DC_6C5FF21ABE62_0/l/2/0_0.webp"/>
<file href="media/panorama_867F67CC_8A76_EFF7_41DC_6C5FF21ABE62_0/u/2/0_0.webp"/>
<file href="media/panorama_867F67CC_8A76_EFF7_41DC_6C5FF21ABE62_0/d/2/0_0.webp"/>
<file href="media/panorama_867F67CC_8A76_EFF7_41DC_6C5FF21ABE62_0/f/2/0_0.webp"/>
<file href="media/panorama_867F67CC_8A76_EFF7_41DC_6C5FF21ABE62_0/b/2/0_0.webp"/>
<file href="media/panorama_875552D0_8A76_21EF_41C0_4B9FAC0D7010_0/r/0/2_1.webp"/>
<file href="media/panorama_875552D0_8A76_21EF_41C0_4B9FAC0D7010_0/r/0/0_0.webp"/>
<file href="media/panorama_875552D0_8A76_21EF_41C0_4B9FAC0D7010_0/r/0/0_1.webp"/>
<file href="media/panorama_875552D0_8A76_21EF_41C0_4B9FAC0D7010_0/r/0/2_0.webp"/>
<file href="media/panorama_875552D0_8A76_21EF_41C0_4B9FAC0D7010_0/r/0/3_3.webp"/>
<file href="media/panorama_875552D0_8A76_21EF_41C0_4B9FAC0D7010_0/r/0/1_2.webp"/>
<file href="media/panorama_875552D0_8A76_21EF_41C0_4B9FAC0D7010_0/r/0/1_3.webp"/>
<file href="media/panorama_875552D0_8A76_21EF_41C0_4B9FAC0D7010_0/r/0/3_2.webp"/>
<file href="media/panorama_875552D0_8A76_21EF_41C0_4B9FAC0D7010_0/r/0/1_0.webp"/>
<file href="media/panorama_875552D0_8A76_21EF_41C0_4B9FAC0D7010_0/r/0/3_1.webp"/>
<file href="media/panorama_875552D0_8A76_21EF_41C0_4B9FAC0D7010_0/r/0/3_0.webp"/>
<file href="media/panorama_875552D0_8A76_21EF_41C0_4B9FAC0D7010_0/r/0/1_1.webp"/>
<file href="media/panorama_875552D0_8A76_21EF_41C0_4B9FAC0D7010_0/r/0/0_2.webp"/>
<file href="media/panorama_875552D0_8A76_21EF_41C0_4B9FAC0D7010_0/r/0/2_3.webp"/>
<file href="media/panorama_875552D0_8A76_21EF_41C0_4B9FAC0D7010_0/r/0/2_2.webp"/>
<file href="media/panorama_875552D0_8A76_21EF_41C0_4B9FAC0D7010_0/r/0/0_3.webp"/>
<file href="media/panorama_875552D0_8A76_21EF_41C0_4B9FAC0D7010_0/l/0/2_1.webp"/>
<file href="media/panorama_875552D0_8A76_21EF_41C0_4B9FAC0D7010_0/l/0/0_0.webp"/>
<file href="media/panorama_875552D0_8A76_21EF_41C0_4B9FAC0D7010_0/l/0/0_1.webp"/>
<file href="media/panorama_875552D0_8A76_21EF_41C0_4B9FAC0D7010_0/l/0/2_0.webp"/>
<file href="media/panorama_875552D0_8A76_21EF_41C0_4B9FAC0D7010_0/l/0/3_3.webp"/>
<file href="media/panorama_875552D0_8A76_21EF_41C0_4B9FAC0D7010_0/l/0/1_2.webp"/>
<file href="media/panorama_875552D0_8A76_21EF_41C0_4B9FAC0D7010_0/l/0/1_3.webp"/>
<file href="media/panorama_875552D0_8A76_21EF_41C0_4B9FAC0D7010_0/l/0/3_2.webp"/>
<file href="media/panorama_875552D0_8A76_21EF_41C0_4B9FAC0D7010_0/l/0/1_0.webp"/>
<file href="media/panorama_875552D0_8A76_21EF_41C0_4B9FAC0D7010_0/l/0/3_1.webp"/>
<file href="media/panorama_875552D0_8A76_21EF_41C0_4B9FAC0D7010_0/l/0/3_0.webp"/>
<file href="media/panorama_875552D0_8A76_21EF_41C0_4B9FAC0D7010_0/l/0/1_1.webp"/>
<file href="media/panorama_875552D0_8A76_21EF_41C0_4B9FAC0D7010_0/l/0/0_2.webp"/>
<file href="media/panorama_875552D0_8A76_21EF_41C0_4B9FAC0D7010_0/l/0/2_3.webp"/>
<file href="media/panorama_875552D0_8A76_21EF_41C0_4B9FAC0D7010_0/l/0/2_2.webp"/>
<file href="media/panorama_875552D0_8A76_21EF_41C0_4B9FAC0D7010_0/l/0/0_3.webp"/>
<file href="media/panorama_875552D0_8A76_21EF_41C0_4B9FAC0D7010_0/u/0/2_1.webp"/>
<file href="media/panorama_875552D0_8A76_21EF_41C0_4B9FAC0D7010_0/u/0/0_0.webp"/>
<file href="media/panorama_875552D0_8A76_21EF_41C0_4B9FAC0D7010_0/u/0/0_1.webp"/>
<file href="media/panorama_875552D0_8A76_21EF_41C0_4B9FAC0D7010_0/u/0/2_0.webp"/>
<file href="media/panorama_875552D0_8A76_21EF_41C0_4B9FAC0D7010_0/u/0/3_3.webp"/>
<file href="media/panorama_875552D0_8A76_21EF_41C0_4B9FAC0D7010_0/u/0/1_2.webp"/>
<file href="media/panorama_875552D0_8A76_21EF_41C0_4B9FAC0D7010_0/u/0/1_3.webp"/>
<file href="media/panorama_875552D0_8A76_21EF_41C0_4B9FAC0D7010_0/u/0/3_2.webp"/>
<file href="media/panorama_875552D0_8A76_21EF_41C0_4B9FAC0D7010_0/u/0/1_0.webp"/>
<file href="media/panorama_875552D0_8A76_21EF_41C0_4B9FAC0D7010_0/u/0/3_1.webp"/>
<file href="media/panorama_875552D0_8A76_21EF_41C0_4B9FAC0D7010_0/u/0/3_0.webp"/>
<file href="media/panorama_875552D0_8A76_21EF_41C0_4B9FAC0D7010_0/u/0/1_1.webp"/>
<file href="media/panorama_875552D0_8A76_21EF_41C0_4B9FAC0D7010_0/u/0/0_2.webp"/>
<file href="media/panorama_875552D0_8A76_21EF_41C0_4B9FAC0D7010_0/u/0/2_3.webp"/>
<file href="media/panorama_875552D0_8A76_21EF_41C0_4B9FAC0D7010_0/u/0/2_2.webp"/>
<file href="media/panorama_875552D0_8A76_21EF_41C0_4B9FAC0D7010_0/u/0/0_3.webp"/>
<file href="media/panorama_875552D0_8A76_21EF_41C0_4B9FAC0D7010_0/d/0/2_1.webp"/>
<file href="media/panorama_875552D0_8A76_21EF_41C0_4B9FAC0D7010_0/d/0/0_0.webp"/>
<file href="media/panorama_875552D0_8A76_21EF_41C0_4B9FAC0D7010_0/d/0/0_1.webp"/>
<file href="media/panorama_875552D0_8A76_21EF_41C0_4B9FAC0D7010_0/d/0/2_0.webp"/>
<file href="media/panorama_875552D0_8A76_21EF_41C0_4B9FAC0D7010_0/d/0/3_3.webp"/>
<file href="media/panorama_875552D0_8A76_21EF_41C0_4B9FAC0D7010_0/d/0/1_2.webp"/>
<file href="media/panorama_875552D0_8A76_21EF_41C0_4B9FAC0D7010_0/d/0/1_3.webp"/>
<file href="media/panorama_875552D0_8A76_21EF_41C0_4B9FAC0D7010_0/d/0/3_2.webp"/>
<file href="media/panorama_875552D0_8A76_21EF_41C0_4B9FAC0D7010_0/d/0/1_0.webp"/>
<file href="media/panorama_875552D0_8A76_21EF_41C0_4B9FAC0D7010_0/d/0/3_1.webp"/>
<file href="media/panorama_875552D0_8A76_21EF_41C0_4B9FAC0D7010_0/d/0/3_0.webp"/>
<file href="media/panorama_875552D0_8A76_21EF_41C0_4B9FAC0D7010_0/d/0/1_1.webp"/>
<file href="media/panorama_875552D0_8A76_21EF_41C0_4B9FAC0D7010_0/d/0/0_2.webp"/>
<file href="media/panorama_875552D0_8A76_21EF_41C0_4B9FAC0D7010_0/d/0/2_3.webp"/>
<file href="media/panorama_875552D0_8A76_21EF_41C0_4B9FAC0D7010_0/d/0/2_2.webp"/>
<file href="media/panorama_875552D0_8A76_21EF_41C0_4B9FAC0D7010_0/d/0/0_3.webp"/>
<file href="media/panorama_875552D0_8A76_21EF_41C0_4B9FAC0D7010_0/f/0/2_1.webp"/>
<file href="media/panorama_875552D0_8A76_21EF_41C0_4B9FAC0D7010_0/f/0/0_0.webp"/>
<file href="media/panorama_875552D0_8A76_21EF_41C0_4B9FAC0D7010_0/f/0/0_1.webp"/>
<file href="media/panorama_875552D0_8A76_21EF_41C0_4B9FAC0D7010_0/f/0/2_0.webp"/>
<file href="media/panorama_875552D0_8A76_21EF_41C0_4B9FAC0D7010_0/f/0/3_3.webp"/>
<file href="media/panorama_875552D0_8A76_21EF_41C0_4B9FAC0D7010_0/f/0/1_2.webp"/>
<file href="media/panorama_875552D0_8A76_21EF_41C0_4B9FAC0D7010_0/f/0/1_3.webp"/>
<file href="media/panorama_875552D0_8A76_21EF_41C0_4B9FAC0D7010_0/f/0/3_2.webp"/>
<file href="media/panorama_875552D0_8A76_21EF_41C0_4B9FAC0D7010_0/f/0/1_0.webp"/>
<file href="media/panorama_875552D0_8A76_21EF_41C0_4B9FAC0D7010_0/f/0/3_1.webp"/>
<file href="media/panorama_875552D0_8A76_21EF_41C0_4B9FAC0D7010_0/f/0/3_0.webp"/>
<file href="media/panorama_875552D0_8A76_21EF_41C0_4B9FAC0D7010_0/f/0/1_1.webp"/>
<file href="media/panorama_875552D0_8A76_21EF_41C0_4B9FAC0D7010_0/f/0/0_2.webp"/>
<file href="media/panorama_875552D0_8A76_21EF_41C0_4B9FAC0D7010_0/f/0/2_3.webp"/>
<file href="media/panorama_875552D0_8A76_21EF_41C0_4B9FAC0D7010_0/f/0/2_2.webp"/>
<file href="media/panorama_875552D0_8A76_21EF_41C0_4B9FAC0D7010_0/f/0/0_3.webp"/>
<file href="media/panorama_875552D0_8A76_21EF_41C0_4B9FAC0D7010_0/b/0/2_1.webp"/>
<file href="media/panorama_875552D0_8A76_21EF_41C0_4B9FAC0D7010_0/b/0/0_0.webp"/>
<file href="media/panorama_875552D0_8A76_21EF_41C0_4B9FAC0D7010_0/b/0/0_1.webp"/>
<file href="media/panorama_875552D0_8A76_21EF_41C0_4B9FAC0D7010_0/b/0/2_0.webp"/>
<file href="media/panorama_875552D0_8A76_21EF_41C0_4B9FAC0D7010_0/b/0/3_3.webp"/>
<file href="media/panorama_875552D0_8A76_21EF_41C0_4B9FAC0D7010_0/b/0/1_2.webp"/>
<file href="media/panorama_875552D0_8A76_21EF_41C0_4B9FAC0D7010_0/b/0/1_3.webp"/>
<file href="media/panorama_875552D0_8A76_21EF_41C0_4B9FAC0D7010_0/b/0/3_2.webp"/>
<file href="media/panorama_875552D0_8A76_21EF_41C0_4B9FAC0D7010_0/b/0/1_0.webp"/>
<file href="media/panorama_875552D0_8A76_21EF_41C0_4B9FAC0D7010_0/b/0/3_1.webp"/>
<file href="media/panorama_875552D0_8A76_21EF_41C0_4B9FAC0D7010_0/b/0/3_0.webp"/>
<file href="media/panorama_875552D0_8A76_21EF_41C0_4B9FAC0D7010_0/b/0/1_1.webp"/>
<file href="media/panorama_875552D0_8A76_21EF_41C0_4B9FAC0D7010_0/b/0/0_2.webp"/>
<file href="media/panorama_875552D0_8A76_21EF_41C0_4B9FAC0D7010_0/b/0/2_3.webp"/>
<file href="media/panorama_875552D0_8A76_21EF_41C0_4B9FAC0D7010_0/b/0/2_2.webp"/>
<file href="media/panorama_875552D0_8A76_21EF_41C0_4B9FAC0D7010_0/b/0/0_3.webp"/>
<file href="media/panorama_867F67CC_8A76_EFF7_41DC_6C5FF21ABE62_0/r/1/0_0.webp"/>
<file href="media/panorama_867F67CC_8A76_EFF7_41DC_6C5FF21ABE62_0/r/1/0_1.webp"/>
<file href="media/panorama_867F67CC_8A76_EFF7_41DC_6C5FF21ABE62_0/r/1/1_0.webp"/>
<file href="media/panorama_867F67CC_8A76_EFF7_41DC_6C5FF21ABE62_0/r/1/1_1.webp"/>
<file href="media/panorama_867F67CC_8A76_EFF7_41DC_6C5FF21ABE62_0/l/1/0_0.webp"/>
<file href="media/panorama_867F67CC_8A76_EFF7_41DC_6C5FF21ABE62_0/l/1/0_1.webp"/>
<file href="media/panorama_867F67CC_8A76_EFF7_41DC_6C5FF21ABE62_0/l/1/1_0.webp"/>
<file href="media/panorama_867F67CC_8A76_EFF7_41DC_6C5FF21ABE62_0/l/1/1_1.webp"/>
<file href="media/panorama_867F67CC_8A76_EFF7_41DC_6C5FF21ABE62_0/u/1/0_0.webp"/>
<file href="media/panorama_867F67CC_8A76_EFF7_41DC_6C5FF21ABE62_0/u/1/0_1.webp"/>
<file href="media/panorama_867F67CC_8A76_EFF7_41DC_6C5FF21ABE62_0/u/1/1_0.webp"/>
<file href="media/panorama_867F67CC_8A76_EFF7_41DC_6C5FF21ABE62_0/u/1/1_1.webp"/>
<file href="media/panorama_867F67CC_8A76_EFF7_41DC_6C5FF21ABE62_0/d/1/0_0.webp"/>
<file href="media/panorama_867F67CC_8A76_EFF7_41DC_6C5FF21ABE62_0/d/1/0_1.webp"/>
<file href="media/panorama_867F67CC_8A76_EFF7_41DC_6C5FF21ABE62_0/d/1/1_0.webp"/>
<file href="media/panorama_867F67CC_8A76_EFF7_41DC_6C5FF21ABE62_0/d/1/1_1.webp"/>
<file href="media/panorama_867F67CC_8A76_EFF7_41DC_6C5FF21ABE62_0/f/1/0_0.webp"/>
<file href="media/panorama_867F67CC_8A76_EFF7_41DC_6C5FF21ABE62_0/f/1/0_1.webp"/>
<file href="media/panorama_867F67CC_8A76_EFF7_41DC_6C5FF21ABE62_0/f/1/1_0.webp"/>
<file href="media/panorama_867F67CC_8A76_EFF7_41DC_6C5FF21ABE62_0/f/1/1_1.webp"/>
<file href="media/panorama_867F67CC_8A76_EFF7_41DC_6C5FF21ABE62_0/b/1/0_0.webp"/>
<file href="media/panorama_867F67CC_8A76_EFF7_41DC_6C5FF21ABE62_0/b/1/0_1.webp"/>
<file href="media/panorama_867F67CC_8A76_EFF7_41DC_6C5FF21ABE62_0/b/1/1_0.webp"/>
<file href="media/panorama_867F67CC_8A76_EFF7_41DC_6C5FF21ABE62_0/b/1/1_1.webp"/>
        </resource>
    </resources>
</manifest>
